Incident_ID,Date_Reported,Description,Category,Severity,Department,Financial_Impact_GBP,Detection_Method,Status,Likelihood_Score,Impact_Score,Risk_Score,Risk_Tier
OPR-0001,2024-01-10,Fire suppression system triggered at Corporate Banking branch causing equipment damage.,Damage to Physical Assets,High,Retail Banking,414693,Site Inspection,Closed,3,3,9,Medium
OPR-0002,2024-01-31,Phishing attack resulted in unauthorised access to 282 customer accounts.,External Fraud,Medium,Corporate Banking,19328,Customer Complaint,Resolved,2,2,4,Low
OPR-0003,2024-02-02,Flooding at IT Operations data centre caused disruption to on-site server infrastructure.,Damage to Physical Assets,Low,Compliance,3286,Site Inspection,Open,3,1,3,Low
OPR-0004,2024-02-10,Customer data used for marketing without valid consent under GDPR for 368 clients.,"Clients, Products & Business Practices",High,Treasury,420997,Internal Audit,Escalated,5,3,15,High
OPR-0005,2024-02-22,Data breach exposed personal information of 190 customers via online banking portal vulnerability.,Cybersecurity Incident,Low,Risk Management,4602,Penetration Test,Resolved,2,1,2,Low
OPR-0006,2024-03-03,Employee falsified expense claims totalling £4000 over a three-month period.,Internal Fraud,High,Compliance,79971,Internal Audit,Resolved,1,3,3,Low
OPR-0007,2024-03-10,Regulatory review identified inadequate suitability assessment for credit cards sales.,"Clients, Products & Business Practices",Critical,Human Resources,4755773,Compliance Monitoring,Resolved,5,5,25,Critical
OPR-0008,2024-03-13,Third-party cloud provider outage disrupted access to online banking portal platform.,Business Disruption & System Failures,Medium,Retail Banking,20003,System Monitoring Alert,Closed,4,2,8,Medium
OPR-0009,2024-03-14,"Vandalism reported at ATM located at Treasury branch, machine offline for repair.",Damage to Physical Assets,High,Retail Banking,136991,Site Inspection,Resolved,3,3,9,Medium
OPR-0010,2024-03-18,Health and safety inspection identified non-compliance in IT Operations office premises.,Employment Practices & Workplace Safety,Medium,Corporate Banking,31401,Health & Safety Audit,Resolved,4,2,8,Medium
OPR-0011,2024-03-22,Third party used stolen identity documents to open 391 fraudulent accounts.,External Fraud,High,Retail Banking,184177,Customer Complaint,Closed,2,3,6,Medium
OPR-0012,2024-03-24,Staff member sustained injury during Treasury office relocation activities.,Employment Practices & Workplace Safety,Medium,Compliance,19715,HR Report,Under Investigation,4,2,8,Medium
OPR-0013,2024-03-27,Formal complaint raised regarding workplace harassment in Risk Management division.,Employment Practices & Workplace Safety,Medium,Wealth Management,41629,Direct Complaint,Resolved,4,2,8,Medium
OPR-0014,2024-04-08,Settlement failure occurred due to mismatched trade instructions in payment gateway.,"Execution, Delivery & Process Management",Medium,Retail Banking,30749,Internal Audit,Under Investigation,4,2,8,Medium
OPR-0015,2024-04-13,Breach of consumer duty obligations identified in investment bonds disclosure documents.,"Clients, Products & Business Practices",Medium,Risk Management,7200,Internal Audit,Resolved,5,2,10,Medium
OPR-0016,2024-04-13,Phishing attack resulted in unauthorised access to 454 customer accounts.,External Fraud,Medium,Payments,42883,Customer Complaint,Under Investigation,2,2,4,Low
OPR-0017,2024-04-26,"Ransomware attack encrypted files on CRM system, disrupting Risk Management operations.",Cybersecurity Incident,Critical,Payments,1485377,Penetration Test,Resolved,2,5,10,Medium
OPR-0018,2024-05-13,Staff member in Customer Services approved fictitious credit memos to bypass internal controls.,Internal Fraud,Critical,Compliance,4819966,Internal Audit,Under Investigation,1,5,5,Low
OPR-0019,2024-05-13,Incorrect interest rate applied to 41 customer accounts due to configuration error.,"Execution, Delivery & Process Management",High,Treasury,202922,Automated Control Alert,Closed,4,3,12,High
OPR-0020,2024-05-15,Flooding at Payments data centre caused disruption to on-site server infrastructure.,Damage to Physical Assets,Critical,Customer Services,4030459,Site Inspection,Resolved,3,5,15,High
OPR-0021,2024-05-20,Settlement failure occurred due to mismatched trade instructions in CRM system.,"Execution, Delivery & Process Management",High,Customer Services,455516,Quality Assurance Review,Resolved,4,3,12,High
OPR-0022,2024-05-22,Regulatory review identified inadequate suitability assessment for investment bonds sales.,"Clients, Products & Business Practices",High,Wealth Management,176888,Customer Complaint,Resolved,5,3,15,High
OPR-0023,2024-05-25,Core banking system outage disrupted mobile banking app services for 45 minutes.,Business Disruption & System Failures,Critical,Wealth Management,1280364,System Monitoring Alert,Closed,4,5,20,Critical
OPR-0024,2024-05-31,Employee grievance filed alleging discriminatory practice within Treasury team.,Employment Practices & Workplace Safety,Medium,Retail Banking,11985,Direct Complaint,Under Investigation,4,2,8,Medium
OPR-0025,2024-05-31,Mis-selling complaint upheld regarding mortgage products sold to retail customers.,"Clients, Products & Business Practices",Low,Risk Management,1160,Compliance Monitoring,Closed,5,1,5,Low
OPR-0026,2024-06-12,"Ransomware attack encrypted files on CRM system, disrupting Payments operations.",Cybersecurity Incident,Critical,Compliance,3123242,Penetration Test,Closed,2,5,10,Medium
OPR-0027,2024-06-18,Flooding at Human Resources data centre caused disruption to on-site server infrastructure.,Damage to Physical Assets,High,Payments,72907,Insurance Claim,Resolved,3,3,9,Medium
OPR-0028,2024-06-20,Mis-selling complaint upheld regarding investment bonds sold to retail customers.,"Clients, Products & Business Practices",High,Risk Management,368372,Compliance Monitoring,Closed,5,3,15,High
OPR-0029,2024-06-27,Core banking system outage disrupted online banking portal services for 1 business day.,Business Disruption & System Failures,High,Human Resources,413625,Customer Complaint,Under Investigation,4,3,12,High
OPR-0030,2024-06-28,Employee grievance filed alleging discriminatory practice within Wealth Management team.,Employment Practices & Workplace Safety,Medium,Treasury,13661,Health & Safety Audit,Resolved,4,2,8,Medium
OPR-0031,2024-07-03,Employee a relationship manager manipulated loan origination system records to conceal unauthorised fund transfers.,Internal Fraud,High,IT Operations,141786,Internal Audit,Resolved,1,3,3,Low
OPR-0032,2024-07-14,Network connectivity failure at Treasury data centre affected 362 branches.,Business Disruption & System Failures,Low,Corporate Banking,1977,IT Operations Report,Resolved,4,1,4,Low
OPR-0033,2024-07-18,Health and safety inspection identified non-compliance in Wealth Management office premises.,Employment Practices & Workplace Safety,Medium,Customer Services,41803,Direct Complaint,Resolved,4,2,8,Medium
OPR-0034,2024-08-02,Formal complaint raised regarding workplace harassment in Treasury division.,Employment Practices & Workplace Safety,Low,Treasury,555,Health & Safety Audit,Under Investigation,4,1,4,Low
OPR-0035,2024-08-19,Flooding at Customer Services data centre caused disruption to on-site server infrastructure.,Damage to Physical Assets,Medium,Wealth Management,41978,Facilities Management,Under Investigation,3,2,6,Medium
OPR-0036,2024-08-27,Staff member in Customer Services approved fictitious credit memos to bypass internal controls.,Internal Fraud,Critical,Risk Management,3175158,Automated Control Alert,Under Investigation,1,5,5,Low
OPR-0037,2024-08-29,Duplicate payment processed due to failure in online banking portal validation controls.,"Execution, Delivery & Process Management",Medium,Compliance,11511,Automated Control Alert,Resolved,4,2,8,Medium
OPR-0038,2024-09-03,Regulatory review identified inadequate suitability assessment for credit cards sales.,"Clients, Products & Business Practices",Medium,Risk Management,10161,Compliance Monitoring,Closed,5,2,10,Medium
OPR-0039,2024-09-06,Core banking system outage disrupted CRM system services for 45 minutes.,Business Disruption & System Failures,High,IT Operations,462603,Automated Health Check,Open,4,3,12,High
OPR-0040,2024-09-08,Customer data used for marketing without valid consent under GDPR for 398 clients.,"Clients, Products & Business Practices",High,IT Operations,53343,Internal Audit,Open,5,3,15,High
OPR-0041,2024-09-09,"Vandalism reported at ATM located at Corporate Banking branch, machine offline for repair.",Damage to Physical Assets,Medium,Payments,43915,Security System Alert,Resolved,3,2,6,Medium
OPR-0042,2024-09-12,Employee grievance filed alleging discriminatory practice within Risk Management team.,Employment Practices & Workplace Safety,Low,Corporate Banking,2897,Direct Complaint,Escalated,4,1,4,Low
OPR-0043,2024-09-13,Staff member sustained injury during Retail Banking office relocation activities.,Employment Practices & Workplace Safety,Medium,Corporate Banking,29369,Employee Survey,Open,4,2,8,Medium
OPR-0044,2024-09-15,Software deployment error caused internal reporting system downtime lasting 1 business day.,Business Disruption & System Failures,Low,Compliance,949,IT Operations Report,Closed,4,1,4,Low
OPR-0045,2024-09-15,Power outage caused by storm damage disrupted operations at Human Resources office.,Damage to Physical Assets,Medium,Compliance,22519,Insurance Claim,Open,3,2,6,Medium
OPR-0046,2024-09-19,Employee grievance filed alleging discriminatory practice within Corporate Banking team.,Employment Practices & Workplace Safety,Low,Treasury,1421,Employee Survey,Closed,4,1,4,Low
OPR-0047,2024-09-21,Customer data used for marketing without valid consent under GDPR for 410 clients.,"Clients, Products & Business Practices",Low,Treasury,4183,Regulatory Inspection,Resolved,5,1,5,Low
OPR-0048,2024-10-06,Third-party cloud provider outage disrupted access to internal reporting system platform.,Business Disruption & System Failures,Low,Payments,4019,Automated Health Check,Resolved,4,1,4,Low
OPR-0049,2024-10-08,"Ransomware attack encrypted files on mobile banking app, disrupting Risk Management operations.",Cybersecurity Incident,Critical,Wealth Management,4241415,Penetration Test,Open,2,5,10,Medium
OPR-0050,2024-10-18,Settlement failure occurred due to mismatched trade instructions in payment gateway.,"Execution, Delivery & Process Management",High,Corporate Banking,450092,Quality Assurance Review,Under Investigation,4,3,12,High
OPR-0051,2024-10-22,Distributed denial-of-service attack disrupted payment gateway availability for 6 hours.,Cybersecurity Incident,Medium,IT Operations,34971,Customer Notification,Resolved,2,2,4,Low
OPR-0052,2024-10-29,Flooding at Compliance data centre caused disruption to on-site server infrastructure.,Damage to Physical Assets,Medium,Compliance,45280,Security System Alert,Under Investigation,3,2,6,Medium
OPR-0053,2024-11-02,Third party used stolen identity documents to open 303 fraudulent accounts.,External Fraud,Critical,IT Operations,2517226,Law Enforcement Referral,Resolved,2,5,10,Medium
OPR-0054,2024-11-03,Manual data entry error in Human Resources led to incorrect processing of 322 transactions.,"Execution, Delivery & Process Management",High,Human Resources,212154,Internal Audit,Under Investigation,4,3,12,High
OPR-0055,2024-11-04,Formal complaint raised regarding workplace harassment in Risk Management division.,Employment Practices & Workplace Safety,Medium,Risk Management,12933,HR Report,Under Investigation,4,2,8,Medium
OPR-0056,2024-11-13,Staff member sustained injury during IT Operations office relocation activities.,Employment Practices & Workplace Safety,Low,Human Resources,3262,Direct Complaint,Under Investigation,4,1,4,Low
OPR-0057,2024-11-14,"Business email compromise led to fraudulent payment of £71,000 to external account.",External Fraud,High,Compliance,95290,Law Enforcement Referral,Open,2,3,6,Medium
OPR-0058,2024-11-17,Mis-selling complaint upheld regarding credit cards sold to retail customers.,"Clients, Products & Business Practices",Low,Customer Services,1240,Internal Audit,Resolved,5,1,5,Low
OPR-0059,2024-11-23,"Vandalism reported at ATM located at Human Resources branch, machine offline for repair.",Damage to Physical Assets,High,Treasury,244356,Site Inspection,Resolved,3,3,9,Medium
OPR-0060,2024-11-29,Breach of consumer duty obligations identified in personal loans disclosure documents.,"Clients, Products & Business Practices",Medium,Treasury,34986,Compliance Monitoring,Under Investigation,5,2,10,Medium
OPR-0061,2024-12-01,Database corruption in mobile banking app led to temporary loss of transaction processing.,Business Disruption & System Failures,Low,Wealth Management,2510,IT Operations Report,Resolved,4,1,4,Low
OPR-0062,2024-12-01,Network connectivity failure at Wealth Management data centre affected 426 branches.,Business Disruption & System Failures,High,IT Operations,97821,Automated Health Check,Escalated,4,3,12,High
OPR-0063,2024-12-06,"Ransomware attack encrypted files on loan origination system, disrupting Compliance operations.",Cybersecurity Incident,High,IT Operations,73244,Threat Intelligence Feed,Resolved,2,3,6,Medium
OPR-0064,2024-12-09,Distributed denial-of-service attack disrupted loan origination system availability for 6 hours.,Cybersecurity Incident,Medium,Compliance,40399,SOC Monitoring,Open,2,2,4,Low
OPR-0065,2024-12-11,Unauthorised access detected on loan origination system following credential stuffing attack.,Cybersecurity Incident,Low,Wealth Management,4651,Penetration Test,Under Investigation,2,1,2,Low
OPR-0066,2024-12-14,Trader in Human Resources exceeded authorised limits and concealed losses via mismarked positions.,Internal Fraud,High,Wealth Management,131516,Whistleblower Report,Escalated,1,3,3,Low
OPR-0067,2024-12-18,Breach of consumer duty obligations identified in personal loans disclosure documents.,"Clients, Products & Business Practices",High,Customer Services,441084,Customer Complaint,Resolved,5,3,15,High
OPR-0068,2024-12-26,Flooding at Wealth Management data centre caused disruption to on-site server infrastructure.,Damage to Physical Assets,Medium,Treasury,46721,Security System Alert,Resolved,3,2,6,Medium
OPR-0069,2024-12-27,Misconfigured cloud storage bucket exposed sensitive Payments data publicly.,Cybersecurity Incident,Medium,Retail Banking,8312,Threat Intelligence Feed,Resolved,2,2,4,Low
OPR-0070,2025-01-03,Late reporting to regulator caused by breakdown in Payments reconciliation process.,"Execution, Delivery & Process Management",Low,Human Resources,4864,Reconciliation Process,Open,4,1,4,Low
OPR-0071,2025-01-05,Customer data used for marketing without valid consent under GDPR for 61 clients.,"Clients, Products & Business Practices",Medium,Human Resources,43906,Compliance Monitoring,Resolved,5,2,10,Medium
OPR-0072,2025-01-15,Staff member sustained injury during IT Operations office relocation activities.,Employment Practices & Workplace Safety,High,Payments,450076,HR Report,Resolved,4,3,12,High
OPR-0073,2025-01-21,Late reporting to regulator caused by breakdown in Treasury reconciliation process.,"Execution, Delivery & Process Management",Medium,Human Resources,36195,Reconciliation Process,Resolved,4,2,8,Medium
OPR-0074,2025-01-22,Core banking system outage disrupted online banking portal services for 30 minutes.,Business Disruption & System Failures,Low,Corporate Banking,4522,Customer Complaint,Closed,4,1,4,Low
OPR-0075,2025-01-23,Settlement failure occurred due to mismatched trade instructions in core banking platform.,"Execution, Delivery & Process Management",Low,Compliance,1733,Internal Audit,Under Investigation,4,1,4,Low
OPR-0076,2025-01-26,Employee falsified expense claims totalling £12000 over a six-month period.,Internal Fraud,Medium,Payments,29739,Management Review,Open,1,2,2,Low
OPR-0077,2025-01-27,Late reporting to regulator caused by breakdown in Compliance reconciliation process.,"Execution, Delivery & Process Management",Low,Treasury,3659,Automated Control Alert,Escalated,4,1,4,Low
OPR-0078,2025-01-27,Core banking system outage disrupted online banking portal services for 30 minutes.,Business Disruption & System Failures,Low,Customer Services,1521,IT Operations Report,Resolved,4,1,4,Low
OPR-0079,2025-01-28,Third party used stolen identity documents to open 333 fraudulent accounts.,External Fraud,Medium,Payments,43032,Fraud Monitoring System,Resolved,2,2,4,Low
OPR-0080,2025-01-30,Customer data used for marketing without valid consent under GDPR for 458 clients.,"Clients, Products & Business Practices",Critical,Compliance,2067136,Internal Audit,Resolved,5,5,25,Critical
OPR-0081,2025-02-02,Breach of consumer duty obligations identified in insurance add-ons disclosure documents.,"Clients, Products & Business Practices",High,Risk Management,414654,Compliance Monitoring,Closed,5,3,15,High
OPR-0082,2025-02-04,Business email compromise led to fraudulent payment of £48000 to external account.,External Fraud,Medium,Risk Management,46569,Fraud Monitoring System,Under Investigation,2,2,4,Low
OPR-0083,2025-02-07,Flooding at Human Resources data centre caused disruption to on-site server infrastructure.,Damage to Physical Assets,Critical,Compliance,3344453,Site Inspection,Closed,3,5,15,High
OPR-0084,2025-02-14,Trader in Payments exceeded authorised limits and concealed losses via mismarked positions.,Internal Fraud,High,Payments,88840,Internal Audit,Under Investigation,1,3,3,Low
OPR-0085,2025-02-14,Trader in Retail Banking exceeded authorised limits and concealed losses via mismarked positions.,Internal Fraud,High,Corporate Banking,124383,Internal Audit,Open,1,3,3,Low
OPR-0086,2025-02-18,Customer data used for marketing without valid consent under GDPR for 444 clients.,"Clients, Products & Business Practices",Medium,Customer Services,23973,Compliance Monitoring,Resolved,5,2,10,Medium
OPR-0087,2025-02-19,Settlement failure occurred due to mismatched trade instructions in trading platform.,"Execution, Delivery & Process Management",High,Compliance,319004,Quality Assurance Review,Escalated,4,3,12,High
OPR-0088,2025-02-21,Phishing attack resulted in unauthorised access to 223 customer accounts.,External Fraud,Medium,Corporate Banking,6721,Fraud Monitoring System,Resolved,2,2,4,Low
OPR-0089,2025-03-02,Staff member in Payments approved fictitious credit memos to bypass internal controls.,Internal Fraud,Medium,Compliance,22777,Internal Audit,Resolved,1,2,2,Low
OPR-0090,2025-03-13,Employee an operations officer manipulated core banking platform records to conceal unauthorised fund transfers.,Internal Fraud,High,Human Resources,55069,Internal Audit,Open,1,3,3,Low
OPR-0091,2025-03-15,Flooding at Corporate Banking data centre caused disruption to on-site server infrastructure.,Damage to Physical Assets,High,Wealth Management,348125,Facilities Management,Resolved,3,3,9,Medium
OPR-0092,2025-03-15,Third-party cloud provider outage disrupted access to core banking platform platform.,Business Disruption & System Failures,Medium,Treasury,37421,Customer Complaint,Under Investigation,4,2,8,Medium
OPR-0093,2025-03-15,Database corruption in payment gateway led to temporary loss of transaction processing.,Business Disruption & System Failures,Medium,Wealth Management,39331,System Monitoring Alert,Under Investigation,4,2,8,Medium
OPR-0094,2025-03-18,"Vandalism reported at ATM located at Payments branch, machine offline for repair.",Damage to Physical Assets,Low,Compliance,4945,Site Inspection,Open,3,1,3,Low
OPR-0095,2025-03-21,Incorrect interest rate applied to 224 customer accounts due to configuration error.,"Execution, Delivery & Process Management",High,IT Operations,434720,Automated Control Alert,Resolved,4,3,12,High
OPR-0096,2025-03-22,Late reporting to regulator caused by breakdown in Compliance reconciliation process.,"Execution, Delivery & Process Management",Low,Payments,237,Internal Audit,Under Investigation,4,1,4,Low
OPR-0097,2025-03-22,Mis-selling complaint upheld regarding investment bonds sold to retail customers.,"Clients, Products & Business Practices",Critical,Payments,1265396,Internal Audit,Under Investigation,5,5,25,Critical
OPR-0098,2025-03-26,Manual data entry error in Payments led to incorrect processing of 67 transactions.,"Execution, Delivery & Process Management",High,Corporate Banking,325749,Internal Audit,Open,4,3,12,High
OPR-0099,2025-03-28,"Card-not-present fraud detected across 164 transactions totalling £643,000.",External Fraud,Low,Wealth Management,2250,Fraud Monitoring System,Resolved,2,1,2,Low
OPR-0100,2025-03-29,Employee grievance filed alleging discriminatory practice within Risk Management team.,Employment Practices & Workplace Safety,Medium,Treasury,10681,HR Report,Open,4,2,8,Medium
OPR-0101,2025-03-30,Mis-selling complaint upheld regarding personal loans sold to retail customers.,"Clients, Products & Business Practices",Medium,Corporate Banking,10294,Customer Complaint,Resolved,5,2,10,Medium
OPR-0102,2025-03-30,Regulatory review identified inadequate suitability assessment for personal loans sales.,"Clients, Products & Business Practices",Critical,IT Operations,1271572,Customer Complaint,Open,5,5,25,Critical
OPR-0103,2025-04-05,Incorrect interest rate applied to 402 customer accounts due to configuration error.,"Execution, Delivery & Process Management",Low,Payments,2572,Internal Audit,Open,4,1,4,Low
OPR-0104,2025-04-15,Duplicate payment processed due to failure in core banking platform validation controls.,"Execution, Delivery & Process Management",Critical,Human Resources,3371647,Automated Control Alert,Resolved,4,5,20,Critical
OPR-0105,2025-04-19,Formal complaint raised regarding workplace harassment in IT Operations division.,Employment Practices & Workplace Safety,Critical,Human Resources,4057843,Direct Complaint,Closed,4,5,20,Critical
OPR-0106,2025-04-23,Formal complaint raised regarding workplace harassment in Treasury division.,Employment Practices & Workplace Safety,Medium,Human Resources,13504,HR Report,Open,4,2,8,Medium
OPR-0107,2025-04-24,Staff member sustained injury during Retail Banking office relocation activities.,Employment Practices & Workplace Safety,Medium,Human Resources,21476,HR Report,Resolved,4,2,8,Medium
OPR-0108,2025-04-27,"Unauthorised transfer of £843,000 initiated by Corporate Banking employee using stolen credentials.",Internal Fraud,High,Retail Banking,374820,Automated Control Alert,Closed,1,3,3,Low
OPR-0109,2025-04-29,Core banking system outage disrupted loan origination system services for 6 hours.,Business Disruption & System Failures,Critical,Corporate Banking,3086655,IT Operations Report,Resolved,4,5,20,Critical
OPR-0110,2025-05-07,Unauthorised access detected on online banking portal following credential stuffing attack.,Cybersecurity Incident,High,Treasury,260260,SOC Monitoring,Under Investigation,2,3,6,Medium
OPR-0111,2025-05-10,Data breach exposed personal information of 393 customers via CRM system vulnerability.,Cybersecurity Incident,Medium,Wealth Management,43639,Threat Intelligence Feed,Escalated,2,2,4,Low
OPR-0112,2025-05-12,Network connectivity failure at Corporate Banking data centre affected 95 branches.,Business Disruption & System Failures,Critical,Treasury,2400380,Automated Health Check,Under Investigation,4,5,20,Critical
OPR-0113,2025-05-15,"Vandalism reported at ATM located at Treasury branch, machine offline for repair.",Damage to Physical Assets,High,Compliance,301555,Site Inspection,Resolved,3,3,9,Medium
OPR-0114,2025-05-17,Database corruption in payment gateway led to temporary loss of transaction processing.,Business Disruption & System Failures,Medium,Retail Banking,10915,System Monitoring Alert,Under Investigation,4,2,8,Medium
OPR-0115,2025-05-24,Duplicate payment processed due to failure in CRM system validation controls.,"Execution, Delivery & Process Management",Low,Customer Services,1439,Quality Assurance Review,Resolved,4,1,4,Low
OPR-0116,2025-05-26,Manual data entry error in Treasury led to incorrect processing of 237 transactions.,"Execution, Delivery & Process Management",High,Risk Management,331046,Reconciliation Process,Resolved,4,3,12,High
OPR-0117,2025-06-03,Business email compromise led to fraudulent payment of £500 to external account.,External Fraud,High,Corporate Banking,377837,Transaction Monitoring,Closed,2,3,6,Medium
OPR-0118,2025-06-07,Core banking system outage disrupted payment gateway services for 6 hours.,Business Disruption & System Failures,Medium,Corporate Banking,30244,Automated Health Check,Under Investigation,4,2,8,Medium
OPR-0119,2025-06-11,Breach of consumer duty obligations identified in personal loans disclosure documents.,"Clients, Products & Business Practices",High,IT Operations,221948,Customer Complaint,Under Investigation,5,3,15,High
OPR-0120,2025-06-13,Late reporting to regulator caused by breakdown in Customer Services reconciliation process.,"Execution, Delivery & Process Management",Medium,Compliance,13410,Quality Assurance Review,Closed,4,2,8,Medium
OPR-0121,2025-06-15,Staff member sustained injury during Retail Banking office relocation activities.,Employment Practices & Workplace Safety,High,Wealth Management,493512,HR Report,Under Investigation,4,3,12,High
OPR-0122,2025-06-27,Unauthorised access detected on loan origination system following credential stuffing attack.,Cybersecurity Incident,Low,Treasury,1907,SOC Monitoring,Open,2,1,2,Low
OPR-0123,2025-06-28,Mis-selling complaint upheld regarding credit cards sold to retail customers.,"Clients, Products & Business Practices",Low,Human Resources,3369,Compliance Monitoring,Open,5,1,5,Low
OPR-0124,2025-07-03,Incorrect interest rate applied to 412 customer accounts due to configuration error.,"Execution, Delivery & Process Management",Low,Payments,1148,Internal Audit,Under Investigation,4,1,4,Low
OPR-0125,2025-07-14,Phishing attack resulted in unauthorised access to 457 customer accounts.,External Fraud,High,Corporate Banking,227183,Law Enforcement Referral,Closed,2,3,6,Medium
OPR-0126,2025-07-16,Trader in Customer Services exceeded authorised limits and concealed losses via mismarked positions.,Internal Fraud,Medium,IT Operations,23876,Management Review,Closed,1,2,2,Low
OPR-0127,2025-07-17,"Vandalism reported at ATM located at Corporate Banking branch, machine offline for repair.",Damage to Physical Assets,High,Human Resources,202233,Site Inspection,Closed,3,3,9,Medium
OPR-0128,2025-07-25,Formal complaint raised regarding workplace harassment in Wealth Management division.,Employment Practices & Workplace Safety,Low,Customer Services,2327,Health & Safety Audit,Closed,4,1,4,Low
OPR-0129,2025-07-29,Settlement failure occurred due to mismatched trade instructions in payment gateway.,"Execution, Delivery & Process Management",Critical,Customer Services,3993921,Quality Assurance Review,Resolved,4,5,20,Critical
OPR-0130,2025-08-06,Distributed denial-of-service attack disrupted loan origination system availability for 2 hours.,Cybersecurity Incident,Critical,Risk Management,3679192,Threat Intelligence Feed,Open,2,5,10,Medium
OPR-0131,2025-08-07,Breach of consumer duty obligations identified in investment bonds disclosure documents.,"Clients, Products & Business Practices",High,Payments,292053,Customer Complaint,Closed,5,3,15,High
OPR-0132,2025-08-08,Database corruption in loan origination system led to temporary loss of transaction processing.,Business Disruption & System Failures,Medium,Compliance,42670,Customer Complaint,Escalated,4,2,8,Medium
OPR-0133,2025-08-10,Core banking system outage disrupted CRM system services for 45 minutes.,Business Disruption & System Failures,High,Treasury,473216,IT Operations Report,Closed,4,3,12,High
OPR-0134,2025-08-10,"Skimming device found on ATM network resulting in £171,000 in fraudulent withdrawals.",External Fraud,High,Corporate Banking,169749,Fraud Monitoring System,Open,2,3,6,Medium
OPR-0135,2025-08-16,Fire suppression system triggered at Customer Services branch causing equipment damage.,Damage to Physical Assets,Medium,Risk Management,47906,Site Inspection,Resolved,3,2,6,Medium
OPR-0136,2025-08-20,Network connectivity failure at Customer Services data centre affected 278 branches.,Business Disruption & System Failures,Medium,Customer Services,28723,Automated Health Check,Escalated,4,2,8,Medium
OPR-0137,2025-08-20,Power outage caused by storm damage disrupted operations at Human Resources office.,Damage to Physical Assets,Critical,Wealth Management,723532,Insurance Claim,Under Investigation,3,5,15,High
OPR-0138,2025-08-31,Employee grievance filed alleging discriminatory practice within Corporate Banking team.,Employment Practices & Workplace Safety,Low,Retail Banking,671,Direct Complaint,Resolved,4,1,4,Low
OPR-0139,2025-08-31,Card-not-present fraud detected across 83 transactions totalling £800.,External Fraud,Medium,Payments,24087,Fraud Monitoring System,Under Investigation,2,2,4,Low
OPR-0140,2025-09-02,Staff member sustained injury during Payments office relocation activities.,Employment Practices & Workplace Safety,Medium,Corporate Banking,39439,Direct Complaint,Resolved,4,2,8,Medium
OPR-0141,2025-09-09,Staff member in IT Operations approved fictitious client onboarding files to bypass internal controls.,Internal Fraud,Medium,Corporate Banking,26957,Automated Control Alert,Resolved,1,2,2,Low
OPR-0142,2025-09-11,Fire suppression system triggered at Risk Management branch causing equipment damage.,Damage to Physical Assets,High,Compliance,491728,Facilities Management,Closed,3,3,9,Medium
OPR-0143,2025-09-11,Fire suppression system triggered at Corporate Banking branch causing equipment damage.,Damage to Physical Assets,Medium,Risk Management,7591,Facilities Management,Under Investigation,3,2,6,Medium
OPR-0144,2025-09-28,Software deployment error caused CRM system downtime lasting 45 minutes.,Business Disruption & System Failures,Low,Risk Management,819,System Monitoring Alert,Resolved,4,1,4,Low
OPR-0145,2025-10-12,Database corruption in core banking platform led to temporary loss of transaction processing.,Business Disruption & System Failures,Medium,Compliance,15659,Customer Complaint,Resolved,4,2,8,Medium
OPR-0146,2025-10-20,Health and safety inspection identified non-compliance in Wealth Management office premises.,Employment Practices & Workplace Safety,Critical,Customer Services,4899515,Health & Safety Audit,Resolved,4,5,20,Critical
OPR-0147,2025-10-23,Third-party cloud provider outage disrupted access to core banking platform platform.,Business Disruption & System Failures,Medium,Retail Banking,10862,Automated Health Check,Resolved,4,2,8,Medium
OPR-0148,2025-10-25,Breach of consumer duty obligations identified in insurance add-ons disclosure documents.,"Clients, Products & Business Practices",High,Corporate Banking,405016,Regulatory Inspection,Closed,5,3,15,High
OPR-0149,2025-10-28,Card-not-present fraud detected across 223 transactions totalling £90000.,External Fraud,High,Human Resources,427927,Customer Complaint,Resolved,2,3,6,Medium
OPR-0150,2025-10-29,Incorrect interest rate applied to 182 customer accounts due to configuration error.,"Execution, Delivery & Process Management",High,Retail Banking,445435,Reconciliation Process,Closed,4,3,12,High
OPR-0151,2025-11-04,Regulatory review identified inadequate suitability assessment for credit cards sales.,"Clients, Products & Business Practices",Medium,Customer Services,30924,Compliance Monitoring,Closed,5,2,10,Medium
OPR-0152,2025-11-05,Business email compromise led to fraudulent payment of £800 to external account.,External Fraud,High,Wealth Management,157712,Customer Complaint,Closed,2,3,6,Medium
OPR-0153,2025-11-20,Misconfigured cloud storage bucket exposed sensitive Risk Management data publicly.,Cybersecurity Incident,Medium,Wealth Management,45270,SOC Monitoring,Resolved,2,2,4,Low
OPR-0154,2025-11-24,Duplicate payment processed due to failure in payment gateway validation controls.,"Execution, Delivery & Process Management",Critical,Human Resources,1825195,Reconciliation Process,Resolved,4,5,20,Critical
OPR-0155,2025-11-25,Late reporting to regulator caused by breakdown in Payments reconciliation process.,"Execution, Delivery & Process Management",Medium,Risk Management,36891,Automated Control Alert,Open,4,2,8,Medium
OPR-0156,2025-11-27,Core banking system outage disrupted core banking platform services for 30 minutes.,Business Disruption & System Failures,Medium,Treasury,43217,IT Operations Report,Open,4,2,8,Medium
OPR-0157,2025-12-02,Regulatory review identified inadequate suitability assessment for mortgage products sales.,"Clients, Products & Business Practices",High,Compliance,184913,Internal Audit,Escalated,5,3,15,High
OPR-0158,2025-12-02,Business email compromise led to fraudulent payment of £800 to external account.,External Fraud,Medium,Customer Services,16108,Customer Complaint,Under Investigation,2,2,4,Low
OPR-0159,2025-12-04,Breach of consumer duty obligations identified in insurance add-ons disclosure documents.,"Clients, Products & Business Practices",Critical,Payments,1063155,Compliance Monitoring,Closed,5,5,25,Critical
OPR-0160,2025-12-07,Business email compromise led to fraudulent payment of £90000 to external account.,External Fraud,High,Treasury,423790,Transaction Monitoring,Resolved,2,3,6,Medium
OPR-0161,2025-12-09,Employee grievance filed alleging discriminatory practice within Customer Services team.,Employment Practices & Workplace Safety,High,Risk Management,299299,Health & Safety Audit,Open,4,3,12,High
OPR-0162,2025-12-15,Customer data used for marketing without valid consent under GDPR for 143 clients.,"Clients, Products & Business Practices",High,IT Operations,384427,Internal Audit,Open,5,3,15,High
OPR-0163,2025-12-21,Misconfigured cloud storage bucket exposed sensitive Risk Management data publicly.,Cybersecurity Incident,Critical,Corporate Banking,4221845,Penetration Test,Resolved,2,5,10,Medium
OPR-0164,2025-12-21,Breach of consumer duty obligations identified in personal loans disclosure documents.,"Clients, Products & Business Practices",High,Treasury,257949,Regulatory Inspection,Resolved,5,3,15,High
OPR-0165,2025-12-25,Settlement failure occurred due to mismatched trade instructions in online banking portal.,"Execution, Delivery & Process Management",Low,IT Operations,92,Quality Assurance Review,Resolved,4,1,4,Low
OPR-0166,2025-12-29,Late reporting to regulator caused by breakdown in Risk Management reconciliation process.,"Execution, Delivery & Process Management",Low,IT Operations,3191,Automated Control Alert,Resolved,4,1,4,Low
OPR-0167,2025-12-30,Staff member sustained injury during Retail Banking office relocation activities.,Employment Practices & Workplace Safety,Low,Human Resources,3403,Direct Complaint,Closed,4,1,4,Low
OPR-0168,2026-01-01,Power outage caused by storm damage disrupted operations at Risk Management office.,Damage to Physical Assets,Medium,Corporate Banking,27699,Insurance Claim,Resolved,3,2,6,Medium
OPR-0169,2026-01-06,"Ransomware attack encrypted files on online banking portal, disrupting Treasury operations.",Cybersecurity Incident,High,Human Resources,273735,Customer Notification,Closed,2,3,6,Medium
OPR-0170,2026-01-17,Late reporting to regulator caused by breakdown in Human Resources reconciliation process.,"Execution, Delivery & Process Management",High,IT Operations,232624,Automated Control Alert,Under Investigation,4,3,12,High
OPR-0171,2026-02-08,Unauthorised access detected on payment gateway following credential stuffing attack.,Cybersecurity Incident,Critical,Treasury,3103987,Penetration Test,Closed,2,5,10,Medium
OPR-0172,2026-02-11,Breach of consumer duty obligations identified in investment bonds disclosure documents.,"Clients, Products & Business Practices",Medium,Risk Management,8261,Compliance Monitoring,Under Investigation,5,2,10,Medium
OPR-0173,2026-03-02,Regulatory review identified inadequate suitability assessment for investment bonds sales.,"Clients, Products & Business Practices",Critical,Wealth Management,3445627,Internal Audit,Resolved,5,5,25,Critical
OPR-0174,2026-03-04,Third-party cloud provider outage disrupted access to CRM system platform.,Business Disruption & System Failures,Low,Wealth Management,3655,Automated Health Check,Escalated,4,1,4,Low
OPR-0175,2026-03-13,Power outage caused by storm damage disrupted operations at Risk Management office.,Damage to Physical Assets,Low,Payments,133,Facilities Management,Closed,3,1,3,Low
OPR-0176,2026-03-14,Core banking system outage disrupted CRM system services for 2 hours.,Business Disruption & System Failures,High,Treasury,476523,Automated Health Check,Closed,4,3,12,High
OPR-0177,2026-03-15,Database corruption in payment gateway led to temporary loss of transaction processing.,Business Disruption & System Failures,Critical,Customer Services,997326,Customer Complaint,Closed,4,5,20,Critical
OPR-0178,2026-03-17,Health and safety inspection identified non-compliance in IT Operations office premises.,Employment Practices & Workplace Safety,Low,Corporate Banking,3133,HR Report,Closed,4,1,4,Low
OPR-0179,2026-03-19,Power outage caused by storm damage disrupted operations at Payments office.,Damage to Physical Assets,Medium,Customer Services,27274,Site Inspection,Closed,3,2,6,Medium
OPR-0180,2026-04-01,Customer data used for marketing without valid consent under GDPR for 217 clients.,"Clients, Products & Business Practices",Medium,Human Resources,6279,Internal Audit,Closed,5,2,10,Medium
OPR-0181,2026-04-03,Fire suppression system triggered at Payments branch causing equipment damage.,Damage to Physical Assets,Critical,Human Resources,3568343,Facilities Management,Closed,3,5,15,High
OPR-0182,2026-04-03,Duplicate payment processed due to failure in loan origination system validation controls.,"Execution, Delivery & Process Management",Medium,IT Operations,12959,Reconciliation Process,Open,4,2,8,Medium
OPR-0183,2026-04-04,Employee a senior analyst manipulated loan origination system records to conceal unauthorised fund transfers.,Internal Fraud,Medium,Customer Services,24492,Management Review,Open,1,2,2,Low
OPR-0184,2026-04-06,Core banking system outage disrupted loan origination system services for 2 hours.,Business Disruption & System Failures,High,Customer Services,149829,System Monitoring Alert,Open,4,3,12,High
OPR-0185,2026-04-06,Fire suppression system triggered at Corporate Banking branch causing equipment damage.,Damage to Physical Assets,Critical,Human Resources,565624,Site Inspection,Closed,3,5,15,High
OPR-0186,2026-04-08,Staff member sustained injury during Wealth Management office relocation activities.,Employment Practices & Workplace Safety,Medium,Risk Management,19476,HR Report,Closed,4,2,8,Medium
OPR-0187,2026-04-10,Third-party cloud provider outage disrupted access to internal reporting system platform.,Business Disruption & System Failures,Medium,Wealth Management,8839,IT Operations Report,Resolved,4,2,8,Medium
OPR-0188,2026-04-16,"Ransomware attack encrypted files on mobile banking app, disrupting IT Operations operations.",Cybersecurity Incident,High,Retail Banking,441016,Penetration Test,Resolved,2,3,6,Medium
OPR-0189,2026-04-16,Breach of consumer duty obligations identified in mortgage products disclosure documents.,"Clients, Products & Business Practices",Medium,Customer Services,28921,Compliance Monitoring,Closed,5,2,10,Medium
OPR-0190,2026-04-29,"Business email compromise led to fraudulent payment of £452,000 to external account.",External Fraud,Low,Treasury,2438,Fraud Monitoring System,Resolved,2,1,2,Low
OPR-0191,2026-05-15,Regulatory review identified inadequate suitability assessment for mortgage products sales.,"Clients, Products & Business Practices",Critical,IT Operations,1977236,Regulatory Inspection,Resolved,5,5,25,Critical
OPR-0192,2026-05-17,Distributed denial-of-service attack disrupted payment gateway availability for 30 minutes.,Cybersecurity Incident,Low,Corporate Banking,397,SOC Monitoring,Resolved,2,1,2,Low
OPR-0193,2026-05-23,Card-not-present fraud detected across 110 transactions totalling £90000.,External Fraud,High,Wealth Management,314979,Law Enforcement Referral,Under Investigation,2,3,6,Medium
OPR-0194,2026-05-29,Staff member sustained injury during Corporate Banking office relocation activities.,Employment Practices & Workplace Safety,High,Human Resources,249234,Health & Safety Audit,Resolved,4,3,12,High
OPR-0195,2026-05-30,Formal complaint raised regarding workplace harassment in Customer Services division.,Employment Practices & Workplace Safety,High,Risk Management,121368,Health & Safety Audit,Under Investigation,4,3,12,High
OPR-0196,2026-06-06,Regulatory review identified inadequate suitability assessment for credit cards sales.,"Clients, Products & Business Practices",Low,Retail Banking,1079,Compliance Monitoring,Resolved,5,1,5,Low
OPR-0197,2026-06-09,Power outage caused by storm damage disrupted operations at Risk Management office.,Damage to Physical Assets,Critical,Treasury,2503246,Insurance Claim,Under Investigation,3,5,15,High
OPR-0198,2026-06-10,Network connectivity failure at Payments data centre affected 226 branches.,Business Disruption & System Failures,Low,Wealth Management,2781,Automated Health Check,Under Investigation,4,1,4,Low
OPR-0199,2026-06-13,"Skimming device found on ATM network resulting in £576,000 in fraudulent withdrawals.",External Fraud,Medium,Customer Services,8371,Transaction Monitoring,Resolved,2,2,4,Low
OPR-0200,2026-06-27,Mis-selling complaint upheld regarding personal loans sold to retail customers.,"Clients, Products & Business Practices",Low,Human Resources,1111,Internal Audit,Resolved,5,1,5,Low
OPR-0201,2025-10-16,Customer data used for marketing without valid consent for 133 clients of Retail Banking.,"Clients, Products & Business Practices",High,Corporate Banking,477503,Health & Safety Audit,Open,5,3,15,High
OPR-0202,2024-08-26,Inadequate safeguards for 295 vulnerable customers identified within IT Operations.,"Clients, Products & Business Practices",Medium,Risk Management,18460,Fraud Monitoring System,Resolved,5,2,10,Medium
OPR-0203,2026-06-09,Customer data used for marketing without valid consent for 182 clients of Compliance.,"Clients, Products & Business Practices",Critical,Corporate Banking,4431616,Insurance Claim,Resolved,5,5,25,Critical
OPR-0204,2026-05-17,A mis-selling complaint upheld affecting 421 customers in IT Operations.,"Clients, Products & Business Practices",Medium,Risk Management,13720,Transaction Monitoring,Under Investigation,5,2,10,Medium
OPR-0205,2025-10-05,Corporate Banking raised a concern after inadequate safeguards for 106 vulnerable customers identified within Human Resources.,"Clients, Products & Business Practices",Low,Risk Management,1770,Automated Health Check,Closed,5,1,5,Low
OPR-0206,2025-10-12,A mis-selling complaint upheld affecting 189 customers in Compliance.,"Clients, Products & Business Practices",Critical,Treasury,2464847,System Monitoring Alert,Resolved,5,5,25,Critical
OPR-0207,2025-04-18,"Risk Management team identified unclear fee disclosure worth £45,666 raised as a complaint regarding a Risk Management product.","Clients, Products & Business Practices",High,Treasury,243386,Customer Notification,Open,5,3,15,High
OPR-0208,2026-06-16,A product design flaw affecting 343 customers in Human Resources.,"Clients, Products & Business Practices",Critical,Customer Services,2422506,Regulatory Inspection,Resolved,5,5,25,Critical
OPR-0209,2024-09-26,A product design flaw affecting 467 customers in IT Operations.,"Clients, Products & Business Practices",High,Corporate Banking,418737,Management Review,Closed,5,3,15,High
OPR-0210,2024-02-18,Customer data used for marketing without valid consent for 413 clients of Compliance.,"Clients, Products & Business Practices",High,Payments,350307,Employee Survey,Closed,5,3,15,High
OPR-0211,2024-09-14,Inadequate safeguards for 357 vulnerable customers identified within Retail Banking.,"Clients, Products & Business Practices",Medium,Payments,18968,Site Inspection,Closed,5,2,10,Medium
OPR-0212,2026-01-09,A product design flaw affecting 398 customers in Risk Management.,"Clients, Products & Business Practices",Low,Compliance,4859,Regulatory Inspection,Escalated,5,1,5,Low
OPR-0213,2026-03-08,Inadequate safeguards for 173 vulnerable customers identified within Retail Banking.,"Clients, Products & Business Practices",High,Treasury,174673,Customer Notification,Open,5,3,15,High
OPR-0214,2024-03-21,Customer data used for marketing without valid consent for 397 clients of Payments.,"Clients, Products & Business Practices",High,IT Operations,183323,Facilities Management,Resolved,5,3,15,High
OPR-0215,2024-08-04,Inadequate safeguards for 212 vulnerable customers identified within Treasury.,"Clients, Products & Business Practices",Critical,Treasury,4582621,Internal Audit,Closed,5,5,25,Critical
OPR-0216,2024-12-12,Customer data used for marketing without valid consent for 125 clients of IT Operations.,"Clients, Products & Business Practices",Medium,Retail Banking,23909,Quality Assurance Review,Resolved,5,2,10,Medium
OPR-0217,2024-03-13,Inadequate safeguards for 350 vulnerable customers identified within Treasury.,"Clients, Products & Business Practices",Medium,Payments,19469,Fraud Monitoring System,Under Investigation,5,2,10,Medium
OPR-0218,2025-02-20,Incident reported by Corporate Banking regarding an inadequate suitability assessment identified for Corporate Banking product sales to 345 customers.,"Clients, Products & Business Practices",Medium,Wealth Management,45882,Reconciliation Process,Under Investigation,5,2,10,Medium
OPR-0219,2024-12-13,Customer data used for marketing without valid consent for 105 clients of Treasury.,"Clients, Products & Business Practices",Medium,Treasury,45265,Internal Audit,Closed,5,2,10,Medium
OPR-0220,2025-03-29,Inadequate safeguards for 341 vulnerable customers identified within Corporate Banking.,"Clients, Products & Business Practices",Critical,Payments,1558295,Health & Safety Audit,Resolved,5,5,25,Critical
OPR-0221,2026-06-04,Unclear fee disclosure worth £941 raised as a complaint regarding a Retail Banking product.,"Clients, Products & Business Practices",High,Customer Services,236328,SOC Monitoring,Escalated,5,3,15,High
OPR-0222,2026-01-05,"Unclear fee disclosure worth £15,067 raised as a complaint regarding a Compliance product.","Clients, Products & Business Practices",High,IT Operations,239731,Security System Alert,Resolved,5,3,15,High
OPR-0223,2025-05-29,Inadequate safeguards for 268 vulnerable customers identified within Compliance.,"Clients, Products & Business Practices",Critical,IT Operations,4207689,HR Report,Closed,5,5,25,Critical
OPR-0224,2025-08-15,Inadequate safeguards for 49 vulnerable customers identified within Retail Banking.,"Clients, Products & Business Practices",Low,Human Resources,4066,HR Report,Resolved,5,1,5,Low
OPR-0225,2024-09-28,"Unclear fee disclosure worth £21,520 raised as a complaint regarding a Compliance product.","Clients, Products & Business Practices",Critical,Treasury,4254114,Employee Survey,Open,5,5,25,Critical
OPR-0226,2024-09-28,Investigation opened following an inadequate suitability assessment identified for Human Resources product sales to 458 customers within IT Operations.,"Clients, Products & Business Practices",Medium,Retail Banking,39994,SOC Monitoring,Closed,5,2,10,Medium
OPR-0227,2026-04-16,Inadequate safeguards for 457 vulnerable customers identified within Risk Management.,"Clients, Products & Business Practices",High,IT Operations,181133,Health & Safety Audit,Under Investigation,5,3,15,High
OPR-0228,2026-01-04,Incident reported by Retail Banking regarding a network fault at Treasury disrupting payment gateway for 40 minutes.,Business Disruption & System Failures,Medium,Compliance,24581,Threat Intelligence Feed,Closed,4,2,8,Medium
OPR-0229,2024-09-25,Customer Services raised a concern after a third-party provider failure affecting data warehouse availability for 369 customers.,Business Disruption & System Failures,High,Human Resources,255440,Customer Notification,Open,4,3,12,High
OPR-0230,2025-07-19,Incident reported by Human Resources regarding a third-party provider failure affecting mobile banking app availability for 29 customers.,Business Disruption & System Failures,Medium,Wealth Management,44052,Law Enforcement Referral,Resolved,4,2,8,Medium
OPR-0231,2026-02-06,Treasury team discovered a third-party provider failure affecting mobile banking app availability for 417 customers.,Business Disruption & System Failures,Critical,Compliance,3896356,Fraud Monitoring System,Open,4,5,20,Critical
OPR-0232,2025-12-19,An outage on core banking platform disrupting Wealth Management services for 30 minutes.,Business Disruption & System Failures,Medium,Treasury,39983,HR Report,Resolved,4,2,8,Medium
OPR-0233,2024-01-25,Investigation opened following an extended loan origination system outage in Treasury beyond the planned maintenance window within Retail Banking.,Business Disruption & System Failures,Medium,Risk Management,27963,System Monitoring Alert,Closed,4,2,8,Medium
OPR-0234,2025-08-17,A network fault at Retail Banking disrupting online banking portal for 45 minutes.,Business Disruption & System Failures,Critical,IT Operations,1510002,Health & Safety Audit,Resolved,4,5,20,Critical
OPR-0235,2024-09-17,An outage on core banking platform disrupting Wealth Management services for 105 minutes.,Business Disruption & System Failures,High,Human Resources,320542,Law Enforcement Referral,Under Investigation,4,3,12,High
OPR-0236,2024-11-17,Treasury raised a concern after an extended payment gateway outage in Corporate Banking beyond the planned maintenance window.,Business Disruption & System Failures,High,Wealth Management,285685,SOC Monitoring,Escalated,4,3,12,High
OPR-0237,2026-02-05,A third-party provider failure affecting ATM network availability for 162 customers.,Business Disruption & System Failures,High,IT Operations,167327,Law Enforcement Referral,Resolved,4,3,12,High
OPR-0238,2025-11-01,Investigation opened following a network fault at Payments disrupting internal HR system for 30 minutes within Customer Services.,Business Disruption & System Failures,High,Human Resources,470042,Internal Audit,Escalated,4,3,12,High
OPR-0239,2026-04-18,Incident reported by Payments regarding a third-party provider failure affecting CRM system availability for 420 customers.,Business Disruption & System Failures,Medium,IT Operations,43501,Health & Safety Audit,Under Investigation,4,2,8,Medium
OPR-0240,2026-01-05,An extended internal HR system outage in Wealth Management beyond the planned maintenance window.,Business Disruption & System Failures,High,Customer Services,456858,Automated Health Check,Resolved,4,3,12,High
OPR-0241,2024-02-21,Customer Services team flagged a capacity issue on online banking portal during peak hours causing intermittent failure in Treasury.,Business Disruption & System Failures,Low,Compliance,4573,Reconciliation Process,Resolved,4,1,4,Low
OPR-0242,2026-06-01,A deployment error causing payment gateway downtime for 392 customers of Payments.,Business Disruption & System Failures,Critical,Corporate Banking,2197773,Whistleblower Report,Resolved,4,5,20,Critical
OPR-0243,2024-10-19,A third-party provider failure affecting trading platform availability for 171 customers.,Business Disruption & System Failures,Low,Compliance,4428,Whistleblower Report,Closed,4,1,4,Low
OPR-0244,2024-08-07,IT Operations team identified an outage on loan origination system disrupting Wealth Management services for 60 minutes.,Business Disruption & System Failures,Medium,IT Operations,27609,IT Operations Report,Resolved,4,2,8,Medium
OPR-0245,2025-05-03,An outage on payment gateway disrupting Human Resources services for 50 minutes.,Business Disruption & System Failures,Critical,Wealth Management,2581653,Security System Alert,Under Investigation,4,5,20,Critical
OPR-0246,2024-01-30,Incident reported by Corporate Banking regarding a deployment error causing loan origination system downtime for 378 customers of Human Resources.,Business Disruption & System Failures,High,Compliance,324170,Automated Health Check,Open,4,3,12,High
OPR-0247,2024-07-05,An outage on loan origination system disrupting Risk Management services for 60 minutes.,Business Disruption & System Failures,Medium,Wealth Management,47012,Direct Complaint,Under Investigation,4,2,8,Medium
OPR-0248,2026-05-04,Incident reported by Retail Banking regarding an outage on core banking platform disrupting Payments services for 15 minutes.,Business Disruption & System Failures,High,Treasury,316523,Transaction Monitoring,Resolved,4,3,12,High
OPR-0249,2024-01-21,Investigation opened following a capacity issue on CRM system during peak hours causing intermittent failure in Compliance within Compliance.,Business Disruption & System Failures,High,IT Operations,153094,Reconciliation Process,Open,4,3,12,High
OPR-0250,2026-01-05,Corporate Banking raised a concern after an outage on payment gateway disrupting Compliance services for 15 minutes.,Business Disruption & System Failures,Medium,Treasury,14801,Penetration Test,Resolved,4,2,8,Medium
OPR-0251,2025-12-14,A network fault at IT Operations disrupting online banking portal for 15 minutes.,Business Disruption & System Failures,Low,Human Resources,1882,Site Inspection,Closed,4,1,4,Low
OPR-0252,2026-05-19,A deployment error causing online banking portal downtime for 229 customers of Payments.,Business Disruption & System Failures,Medium,Customer Services,47497,Threat Intelligence Feed,Resolved,4,2,8,Medium
OPR-0253,2024-10-03,Incident reported by Risk Management regarding a capacity issue on internal HR system during peak hours causing intermittent failure in Customer Services.,Business Disruption & System Failures,Medium,Treasury,39656,Management Review,Resolved,4,2,8,Medium
OPR-0254,2025-04-20,A capacity issue on loan origination system during peak hours causing intermittent failure in IT Operations.,Business Disruption & System Failures,Low,Risk Management,2407,Quality Assurance Review,Open,4,1,4,Low
OPR-0255,2024-10-13,A capacity issue on data warehouse during peak hours causing intermittent failure in Risk Management.,Business Disruption & System Failures,Medium,Treasury,31752,Whistleblower Report,Closed,4,2,8,Medium
OPR-0256,2025-05-02,Investigation opened following an extended internal HR system outage in Payments beyond the planned maintenance window within IT Operations.,Business Disruption & System Failures,Low,Payments,2215,Regulatory Inspection,Closed,4,1,4,Low
OPR-0257,2025-06-27,A network fault at Wealth Management disrupting data warehouse for 120 minutes.,Business Disruption & System Failures,Critical,Corporate Banking,3468125,Reconciliation Process,Resolved,4,5,20,Critical
OPR-0258,2024-07-16,A network fault at Corporate Banking disrupting data warehouse for 25 minutes.,Business Disruption & System Failures,Critical,IT Operations,3192325,Management Review,Closed,4,5,20,Critical
OPR-0259,2025-06-21,A capacity issue on online banking portal during peak hours causing intermittent failure in Risk Management.,Business Disruption & System Failures,Medium,Customer Services,19102,Compliance Monitoring,Open,4,2,8,Medium
OPR-0260,2024-10-07,"Payments team flagged a health and safety inspection finding non-compliance at Retail Banking, affecting 157 staff.",Employment Practices & Workplace Safety,Medium,Human Resources,45785,System Monitoring Alert,Resolved,4,2,8,Medium
OPR-0261,2024-02-22,An employee grievance regarding conduct within Payments involving 428 staff.,Employment Practices & Workplace Safety,Medium,IT Operations,16971,Automated Control Alert,Under Investigation,4,2,8,Medium
OPR-0262,2024-03-28,A workplace injury reported during a Corporate Banking incident lasting 90 minutes.,Employment Practices & Workplace Safety,Low,Payments,1957,Automated Control Alert,Open,4,1,4,Low
OPR-0263,2026-05-30,Investigation opened following a discrimination complaint raised regarding recruitment practices in Wealth Management within Corporate Banking.,Employment Practices & Workplace Safety,Low,Treasury,3176,System Monitoring Alert,Resolved,4,1,4,Low
OPR-0264,2025-07-19,"A health and safety inspection finding non-compliance at Compliance, affecting 217 staff.",Employment Practices & Workplace Safety,High,Risk Management,173051,Whistleblower Report,Under Investigation,4,3,12,High
OPR-0265,2024-10-16,Concerns raised over working conditions within Payments affecting 359 employees.,Employment Practices & Workplace Safety,Low,Treasury,3495,Threat Intelligence Feed,Resolved,4,1,4,Low
OPR-0266,2024-06-01,An employee grievance regarding conduct within Compliance involving 38 staff.,Employment Practices & Workplace Safety,Medium,Risk Management,38408,Whistleblower Report,Under Investigation,4,2,8,Medium
OPR-0267,2025-02-16,Investigation opened following an employee grievance regarding conduct within Customer Services involving 260 staff within Retail Banking.,Employment Practices & Workplace Safety,Low,Treasury,4097,SOC Monitoring,Open,4,1,4,Low
OPR-0268,2026-05-06,A discrimination complaint raised regarding recruitment practices in IT Operations.,Employment Practices & Workplace Safety,High,Payments,197378,Direct Complaint,Under Investigation,4,3,12,High
OPR-0269,2024-07-04,Human Resources raised a concern after a discrimination complaint raised regarding recruitment practices in Wealth Management.,Employment Practices & Workplace Safety,Medium,Payments,13321,Automated Control Alert,Closed,4,2,8,Medium
OPR-0270,2025-11-09,Customer Services team identified a fire safety audit flagging inadequate procedures at Customer Services.,Employment Practices & Workplace Safety,Medium,Customer Services,13177,Automated Health Check,Resolved,4,2,8,Medium
OPR-0271,2025-02-27,"A health and safety inspection finding non-compliance at Treasury, affecting 193 staff.",Employment Practices & Workplace Safety,Medium,Compliance,37216,Automated Control Alert,Open,4,2,8,Medium
OPR-0272,2025-03-24,Corporate Banking team detected concerns raised over working conditions within Payments affecting 22 employees.,Employment Practices & Workplace Safety,High,Corporate Banking,392823,Automated Health Check,Closed,4,3,12,High
OPR-0273,2024-04-30,Payments raised a concern after concerns raised over working conditions within Compliance affecting 374 employees.,Employment Practices & Workplace Safety,Medium,Compliance,39127,IT Operations Report,Open,4,2,8,Medium
OPR-0274,2024-07-14,Investigation opened following a discrimination complaint raised regarding recruitment practices in Customer Services within Risk Management.,Employment Practices & Workplace Safety,Low,IT Operations,3596,SOC Monitoring,Resolved,4,1,4,Low
OPR-0275,2025-05-16,Treasury raised a concern after a workplace injury reported during a Payments incident lasting 45 minutes.,Employment Practices & Workplace Safety,High,Wealth Management,270539,HR Report,Closed,4,3,12,High
OPR-0276,2026-05-26,A fire safety audit flagging inadequate procedures at Retail Banking.,Employment Practices & Workplace Safety,High,Retail Banking,485418,Compliance Monitoring,Resolved,4,3,12,High
OPR-0277,2025-05-29,Compliance team identified a discrimination complaint raised regarding recruitment practices in Human Resources.,Employment Practices & Workplace Safety,Low,Payments,3487,Fraud Monitoring System,Escalated,4,1,4,Low
OPR-0278,2024-09-28,Customer Services team identified an employee grievance regarding conduct within IT Operations involving 340 staff.,Employment Practices & Workplace Safety,Medium,IT Operations,33191,Internal Audit,Resolved,4,2,8,Medium
OPR-0279,2024-08-28,Concerns raised over working conditions within Risk Management affecting 390 employees.,Employment Practices & Workplace Safety,High,Risk Management,396470,Site Inspection,Resolved,4,3,12,High
OPR-0280,2024-02-17,Compliance raised a concern after an employee grievance regarding conduct within Retail Banking involving 191 staff.,Employment Practices & Workplace Safety,Critical,Corporate Banking,3659153,Law Enforcement Referral,Closed,4,5,20,Critical
OPR-0281,2026-06-10,A fire safety audit flagging inadequate procedures at IT Operations.,Employment Practices & Workplace Safety,Low,Retail Banking,4811,Fraud Monitoring System,Under Investigation,4,1,4,Low
OPR-0282,2025-04-21,Risk Management team detected an employee grievance regarding conduct within Customer Services involving 45 staff.,Employment Practices & Workplace Safety,Medium,Wealth Management,13540,Security System Alert,Under Investigation,4,2,8,Medium
OPR-0283,2024-04-19,A workplace injury reported during a Wealth Management incident lasting 40 minutes.,Employment Practices & Workplace Safety,Medium,IT Operations,46832,SOC Monitoring,Under Investigation,4,2,8,Medium
OPR-0284,2026-03-07,Investigation opened following concerns raised over working conditions within Retail Banking affecting 389 employees within Compliance.,Employment Practices & Workplace Safety,Low,Retail Banking,2107,Automated Control Alert,Resolved,4,1,4,Low
OPR-0285,2026-03-18,Treasury raised a concern after a fire safety audit flagging inadequate procedures at Retail Banking.,Employment Practices & Workplace Safety,Low,Customer Services,2199,Insurance Claim,Closed,4,1,4,Low
OPR-0286,2025-06-27,Treasury raised a concern after a discrimination complaint raised regarding recruitment practices in Risk Management.,Employment Practices & Workplace Safety,Medium,Customer Services,45765,Insurance Claim,Open,4,2,8,Medium
OPR-0287,2024-04-02,Investigation opened following a fire safety audit flagging inadequate procedures at Retail Banking within Corporate Banking.,Employment Practices & Workplace Safety,Medium,Payments,16401,Site Inspection,Open,4,2,8,Medium
OPR-0288,2025-09-26,A discrimination complaint raised regarding recruitment practices in Human Resources.,Employment Practices & Workplace Safety,Low,Retail Banking,1474,Customer Complaint,Resolved,4,1,4,Low
OPR-0289,2024-11-07,IT Operations team detected a fire safety audit flagging inadequate procedures at Corporate Banking.,Employment Practices & Workplace Safety,Low,Wealth Management,3937,Threat Intelligence Feed,Open,4,1,4,Low
OPR-0290,2024-04-11,A fire safety audit flagging inadequate procedures at IT Operations.,Employment Practices & Workplace Safety,Medium,Treasury,25582,Insurance Claim,Resolved,4,2,8,Medium
OPR-0291,2024-04-11,Concerns raised over working conditions within Human Resources affecting 469 employees.,Employment Practices & Workplace Safety,Low,Corporate Banking,4221,Transaction Monitoring,Under Investigation,4,1,4,Low
OPR-0292,2025-04-10,"A health and safety inspection finding non-compliance at Treasury, affecting 18 staff.",Employment Practices & Workplace Safety,Low,Customer Services,2996,Health & Safety Audit,Resolved,4,1,4,Low
OPR-0293,2025-08-23,Investigation opened following a workplace injury reported during a Treasury incident lasting 90 minutes within Compliance.,Employment Practices & Workplace Safety,Low,Retail Banking,3564,Compliance Monitoring,Open,4,1,4,Low
OPR-0294,2024-01-16,Incident reported by Corporate Banking regarding a data entry error in Treasury affecting payment amounts for 173 customers.,"Execution, Delivery & Process Management",Low,Payments,4549,Management Review,Resolved,4,1,4,Low
OPR-0295,2025-01-05,A manual processing error in online banking portal delaying 239 transactions for IT Operations.,"Execution, Delivery & Process Management",High,Retail Banking,173363,Customer Complaint,Resolved,4,3,12,High
OPR-0296,2025-05-05,"Incident reported by Compliance regarding a reconciliation discrepancy of £47,487 identified in Wealth Management.","Execution, Delivery & Process Management",Critical,IT Operations,3029593,Threat Intelligence Feed,Resolved,4,5,20,Critical
OPR-0297,2025-08-22,Incident reported by Customer Services regarding a manual processing error in loan origination system delaying 313 transactions for Human Resources.,"Execution, Delivery & Process Management",High,Wealth Management,349745,Automated Health Check,Closed,4,3,12,High
OPR-0298,2026-06-28,A configuration error in Wealth Management applying incorrect terms to 431 customer accounts.,"Execution, Delivery & Process Management",Critical,Risk Management,4279101,Insurance Claim,Resolved,4,5,20,Critical
OPR-0299,2024-06-05,Incident reported by IT Operations regarding duplicate instructions issued via online banking portal affecting 54 transactions in Payments.,"Execution, Delivery & Process Management",High,Customer Services,325396,Quality Assurance Review,Escalated,4,3,12,High
OPR-0300,2025-11-17,Mismatched instructions in trading platform causing a settlement failure affecting 455 trades.,"Execution, Delivery & Process Management",High,IT Operations,361126,Employee Survey,Closed,4,3,12,High
OPR-0301,2024-08-05,Wealth Management raised a concern after a configuration error in Payments applying incorrect terms to 441 customer accounts.,"Execution, Delivery & Process Management",Critical,IT Operations,3259741,Law Enforcement Referral,Resolved,4,5,20,Critical
OPR-0302,2025-11-22,Duplicate instructions issued via core banking platform affecting 319 transactions in Customer Services.,"Execution, Delivery & Process Management",Medium,Risk Management,38413,Quality Assurance Review,Under Investigation,4,2,8,Medium
OPR-0303,2024-12-25,Mismatched instructions in mobile banking app causing a settlement failure affecting 297 trades.,"Execution, Delivery & Process Management",Medium,Customer Services,24303,Health & Safety Audit,Under Investigation,4,2,8,Medium
OPR-0304,2025-01-20,"A reconciliation discrepancy of £25,051 identified in Payments.","Execution, Delivery & Process Management",High,IT Operations,295834,Customer Complaint,Closed,4,3,12,High
OPR-0305,2025-11-21,Mismatched instructions in internal HR system causing a settlement failure affecting 346 trades.,"Execution, Delivery & Process Management",Critical,Customer Services,4769269,Penetration Test,Under Investigation,4,5,20,Critical
OPR-0306,2024-12-19,"A reconciliation discrepancy of £45,265 identified in Corporate Banking.","Execution, Delivery & Process Management",Low,IT Operations,2576,Customer Complaint,Closed,4,1,4,Low
OPR-0307,2024-01-08,A configuration error in Risk Management applying incorrect terms to 400 customer accounts.,"Execution, Delivery & Process Management",High,Wealth Management,228836,System Monitoring Alert,Resolved,4,3,12,High
OPR-0308,2024-05-12,"Incident reported by Wealth Management regarding a reconciliation discrepancy of £37,416 identified in Customer Services.","Execution, Delivery & Process Management",Low,Payments,3606,Internal Audit,Resolved,4,1,4,Low
OPR-0309,2026-06-01,A data entry error in IT Operations affecting payment amounts for 301 customers.,"Execution, Delivery & Process Management",Low,Human Resources,3925,System Monitoring Alert,Resolved,4,1,4,Low
OPR-0310,2026-03-31,A manual processing error in trading platform delaying 53 transactions for Payments.,"Execution, Delivery & Process Management",Medium,Wealth Management,27686,Automated Control Alert,Resolved,4,2,8,Medium
OPR-0311,2026-02-02,Investigation opened following a data entry error in Treasury affecting payment amounts for 406 customers within Human Resources.,"Execution, Delivery & Process Management",High,Treasury,409035,Penetration Test,Closed,4,3,12,High
OPR-0312,2024-05-29,A data entry error in Treasury affecting payment amounts for 316 customers.,"Execution, Delivery & Process Management",High,IT Operations,156330,Management Review,Closed,4,3,12,High
OPR-0313,2025-08-16,"A reconciliation discrepancy of £41,905 identified in IT Operations.","Execution, Delivery & Process Management",Low,Risk Management,3784,Fraud Monitoring System,Resolved,4,1,4,Low
OPR-0314,2024-10-08,A manual processing error in trading platform delaying 267 transactions for Retail Banking.,"Execution, Delivery & Process Management",Critical,Risk Management,3120655,Internal Audit,Resolved,4,5,20,Critical
OPR-0315,2025-10-22,Human Resources raised a concern after mismatched instructions in ATM network causing a settlement failure affecting 267 trades.,"Execution, Delivery & Process Management",High,Payments,294017,Employee Survey,Resolved,4,3,12,High
OPR-0316,2024-06-03,Mismatched instructions in online banking portal causing a settlement failure affecting 423 trades.,"Execution, Delivery & Process Management",Medium,Payments,35228,Automated Health Check,Closed,4,2,8,Medium
OPR-0317,2025-06-20,Incident reported by Human Resources regarding a manual processing error in mobile banking app delaying 194 transactions for IT Operations.,"Execution, Delivery & Process Management",High,Human Resources,362180,Penetration Test,Resolved,4,3,12,High
OPR-0318,2025-07-25,Duplicate instructions issued via payment gateway affecting 137 transactions in Wealth Management.,"Execution, Delivery & Process Management",Low,Compliance,3600,Insurance Claim,Closed,4,1,4,Low
OPR-0319,2024-11-13,Incident reported by Wealth Management regarding duplicate instructions issued via mobile banking app affecting 312 transactions in Wealth Management.,"Execution, Delivery & Process Management",Critical,Human Resources,3648467,Site Inspection,Closed,4,5,20,Critical
OPR-0320,2025-01-06,A data entry error in Compliance affecting payment amounts for 182 customers.,"Execution, Delivery & Process Management",Medium,Corporate Banking,45908,Employee Survey,Open,4,2,8,Medium
OPR-0321,2026-02-28,A manual processing error in core banking platform delaying 346 transactions for Customer Services.,"Execution, Delivery & Process Management",High,IT Operations,368367,Fraud Monitoring System,Resolved,4,3,12,High
OPR-0322,2024-06-18,Treasury team found duplicate instructions issued via core banking platform affecting 218 transactions in Payments.,"Execution, Delivery & Process Management",Medium,Treasury,45951,Automated Control Alert,Resolved,4,2,8,Medium
OPR-0323,2026-04-08,"A reconciliation discrepancy of £38,183 identified in Treasury.","Execution, Delivery & Process Management",Low,Wealth Management,4611,System Monitoring Alert,Resolved,4,1,4,Low
OPR-0324,2026-04-16,Incident reported by Risk Management regarding a configuration error in IT Operations applying incorrect terms to 454 customer accounts.,"Execution, Delivery & Process Management",Critical,Compliance,1752723,Direct Complaint,Closed,4,5,20,Critical
OPR-0325,2025-04-05,A manual processing error in loan origination system delaying 54 transactions for Compliance.,"Execution, Delivery & Process Management",Critical,Customer Services,3790523,Insurance Claim,Closed,4,5,20,Critical
OPR-0326,2024-08-29,"A reconciliation discrepancy of £2,647 identified in Corporate Banking.","Execution, Delivery & Process Management",High,Risk Management,439930,Transaction Monitoring,Closed,4,3,12,High
OPR-0327,2025-04-28,Duplicate instructions issued via internal HR system affecting 237 transactions in Compliance.,"Execution, Delivery & Process Management",Low,Compliance,2055,Regulatory Inspection,Closed,4,1,4,Low
OPR-0328,2026-01-14,A water leak damaging loan origination system equipment at Customer Services.,Damage to Physical Assets,Medium,IT Operations,35012,Automated Health Check,Under Investigation,3,2,6,Medium
OPR-0329,2024-03-05,A fire suppression trigger at the Payments site damaging ATM network equipment.,Damage to Physical Assets,Medium,Retail Banking,41121,Law Enforcement Referral,Resolved,3,2,6,Medium
OPR-0330,2024-12-27,Incident reported by Wealth Management regarding flooding at the IT Operations site disrupting loan origination system infrastructure and causing an outage.,Damage to Physical Assets,Critical,Retail Banking,4027151,Threat Intelligence Feed,Escalated,3,5,15,High
OPR-0331,2025-01-31,Storm damage at Risk Management premises requiring closure for 45 minutes.,Damage to Physical Assets,Low,Human Resources,2591,Regulatory Inspection,Resolved,3,1,3,Low
OPR-0332,2024-12-12,Retail Banking team discovered an electrical fault causing fire damage to internal HR system at a Compliance site.,Damage to Physical Assets,Medium,Treasury,24928,Customer Complaint,Under Investigation,3,2,6,Medium
OPR-0333,2026-03-21,Flooding at the Retail Banking site disrupting trading platform infrastructure and causing an outage.,Damage to Physical Assets,Medium,Treasury,28014,Automated Control Alert,Under Investigation,3,2,6,Medium
OPR-0334,2024-12-31,A fire suppression trigger at the Human Resources site damaging payment gateway equipment.,Damage to Physical Assets,Medium,Compliance,16609,Security System Alert,Under Investigation,3,2,6,Medium
OPR-0335,2025-12-09,Customer Services raised a concern after vandalism at a Human Resources site damaging 144 pieces of self-service equipment.,Damage to Physical Assets,High,Human Resources,433392,Penetration Test,Resolved,3,3,9,Medium
OPR-0336,2024-03-22,Storm damage at Risk Management premises requiring closure for 120 minutes.,Damage to Physical Assets,Low,Retail Banking,2495,Reconciliation Process,Closed,3,1,3,Low
OPR-0337,2026-06-09,Storm damage at IT Operations premises requiring closure for 15 minutes.,Damage to Physical Assets,Low,Compliance,1274,Site Inspection,Resolved,3,1,3,Low
OPR-0338,2024-05-26,Incident reported by IT Operations regarding a water leak damaging core banking platform equipment at Payments.,Damage to Physical Assets,Low,Payments,4797,Insurance Claim,Resolved,3,1,3,Low
OPR-0339,2025-01-15,Vandalism at a Corporate Banking site damaging 78 pieces of self-service equipment.,Damage to Physical Assets,Medium,Corporate Banking,28695,Site Inspection,Resolved,3,2,6,Medium
OPR-0340,2026-01-23,Flooding at the Payments site disrupting data warehouse infrastructure and causing an outage.,Damage to Physical Assets,High,IT Operations,378744,Automated Control Alert,Open,3,3,9,Medium
OPR-0341,2025-12-11,Investigation opened following vandalism at a Treasury site damaging 77 pieces of self-service equipment within Human Resources.,Damage to Physical Assets,Medium,Customer Services,40636,Regulatory Inspection,Closed,3,2,6,Medium
OPR-0342,2024-10-24,Payments raised a concern after storm damage at Compliance premises requiring closure for 75 minutes.,Damage to Physical Assets,High,Human Resources,160433,Regulatory Inspection,Resolved,3,3,9,Medium
OPR-0343,2025-08-09,Customer Services team flagged storm damage at Payments premises requiring closure for 20 minutes.,Damage to Physical Assets,High,Wealth Management,455134,Transaction Monitoring,Resolved,3,3,9,Medium
OPR-0344,2025-08-11,Compliance raised a concern after a fire suppression trigger at the Compliance site damaging trading platform equipment.,Damage to Physical Assets,Critical,Customer Services,1900470,Customer Complaint,Open,3,5,15,High
OPR-0345,2026-05-01,Investigation opened following a fire suppression trigger at the Customer Services site damaging mobile banking app equipment within Corporate Banking.,Damage to Physical Assets,Medium,Treasury,16539,Threat Intelligence Feed,Closed,3,2,6,Medium
OPR-0346,2025-07-18,Storm damage at Compliance premises requiring closure for 20 minutes.,Damage to Physical Assets,Medium,IT Operations,15546,Reconciliation Process,Under Investigation,3,2,6,Medium
OPR-0347,2025-09-11,IT Operations team identified storm damage at IT Operations premises requiring closure for 20 minutes.,Damage to Physical Assets,Medium,Payments,15847,Threat Intelligence Feed,Closed,3,2,6,Medium
OPR-0348,2025-07-12,Payments raised a concern after storm damage at Risk Management premises requiring closure for 50 minutes.,Damage to Physical Assets,Low,Payments,2434,Automated Health Check,Resolved,3,1,3,Low
OPR-0349,2024-07-27,Incident reported by Human Resources regarding storm damage at IT Operations premises requiring closure for 45 minutes.,Damage to Physical Assets,Medium,Payments,46153,Penetration Test,Under Investigation,3,2,6,Medium
OPR-0350,2024-09-30,Human Resources raised a concern after vandalism at a Treasury site damaging 57 pieces of self-service equipment.,Damage to Physical Assets,Medium,Human Resources,26169,Health & Safety Audit,Closed,3,2,6,Medium
OPR-0351,2026-02-20,Treasury team detected flooding at the Payments site disrupting data warehouse infrastructure and causing an outage.,Damage to Physical Assets,Medium,IT Operations,32544,Insurance Claim,Resolved,3,2,6,Medium
OPR-0352,2024-02-19,Compliance team discovered a fire suppression trigger at the Risk Management site damaging internal HR system equipment.,Damage to Physical Assets,Low,Human Resources,1355,Management Review,Resolved,3,1,3,Low
OPR-0353,2025-02-16,Storm damage at Retail Banking premises requiring closure for 75 minutes.,Damage to Physical Assets,Critical,Customer Services,3040312,Automated Health Check,Closed,3,5,15,High
OPR-0354,2026-02-21,A water leak damaging ATM network equipment at Risk Management.,Damage to Physical Assets,Critical,Human Resources,1811341,Regulatory Inspection,Resolved,3,5,15,High
OPR-0355,2025-01-09,Flooding at the Treasury site disrupting ATM network infrastructure and causing an outage.,Damage to Physical Assets,Medium,Human Resources,33417,Fraud Monitoring System,Under Investigation,3,2,6,Medium
OPR-0356,2025-04-30,A water leak damaging mobile banking app equipment at Payments.,Damage to Physical Assets,High,IT Operations,241427,Reconciliation Process,Under Investigation,3,3,9,Medium
OPR-0357,2026-05-12,Investigation opened following storm damage at IT Operations premises requiring closure for 75 minutes within Human Resources.,Damage to Physical Assets,Critical,Wealth Management,4771278,Customer Notification,Closed,3,5,15,High
OPR-0358,2024-11-11,Customer Services raised a concern after an electrical fault causing fire damage to ATM network at a Retail Banking site.,Damage to Physical Assets,Low,Wealth Management,1076,Compliance Monitoring,Under Investigation,3,1,3,Low
OPR-0359,2026-04-21,An electrical fault causing fire damage to core banking platform at a Treasury site.,Damage to Physical Assets,High,Compliance,492502,Facilities Management,Closed,3,3,9,Medium
OPR-0360,2025-12-08,Customer Services team flagged flooding at the Wealth Management site disrupting data warehouse infrastructure and causing an outage.,Damage to Physical Assets,Medium,Human Resources,46925,System Monitoring Alert,Resolved,3,2,6,Medium
OPR-0361,2025-04-15,Investigation opened following a water leak damaging data warehouse equipment at Human Resources within Customer Services.,Damage to Physical Assets,Medium,Treasury,37351,Automated Control Alert,Resolved,3,2,6,Medium
OPR-0362,2026-02-28,Storm damage at Treasury premises requiring closure for 45 minutes.,Damage to Physical Assets,Medium,Customer Services,33451,IT Operations Report,Under Investigation,3,2,6,Medium
OPR-0363,2025-02-08,Treasury team detected storm damage at Compliance premises requiring closure for 120 minutes.,Damage to Physical Assets,Critical,Customer Services,2383371,Direct Complaint,Under Investigation,3,5,15,High
OPR-0364,2025-07-29,An electrical fault causing fire damage to mobile banking app at a Risk Management site.,Damage to Physical Assets,Low,Customer Services,2768,HR Report,Open,3,1,3,Low
OPR-0365,2025-10-15,A phishing attempt compromising 219 customer accounts linked to Retail Banking.,External Fraud,High,Customer Services,206783,System Monitoring Alert,Resolved,2,3,6,Medium
OPR-0366,2025-02-20,Incident reported by IT Operations regarding a synthetic identity scheme creating 341 fraudulent applications via internal HR system.,External Fraud,High,Customer Services,347197,Reconciliation Process,Closed,2,3,6,Medium
OPR-0367,2026-01-10,"Investigation opened following a third party gaining unsanctioned entry via loan origination system using stolen credentials, affecting Compliance within Retail Banking.",External Fraud,Low,Risk Management,4943,Customer Notification,Open,2,1,2,Low
OPR-0368,2025-09-09,"Risk Management team detected a third party gaining unsanctioned entry via payment gateway using stolen credentials, affecting Human Resources.",External Fraud,Medium,Corporate Banking,23833,Quality Assurance Review,Under Investigation,2,2,4,Low
OPR-0369,2024-06-15,A synthetic identity scheme creating 375 fraudulent applications via payment gateway.,External Fraud,Medium,Wealth Management,18691,Transaction Monitoring,Under Investigation,2,2,4,Low
OPR-0370,2025-03-13,"An external actor exploiting a online banking portal weakness to intercept £44,660 of payment instructions.",External Fraud,Medium,Treasury,46242,Site Inspection,Escalated,2,2,4,Low
OPR-0371,2024-09-24,Retail Banking raised a concern after a card cloning scheme affecting 393 customers of Treasury.,External Fraud,Medium,Payments,27638,Automated Control Alert,Under Investigation,2,2,4,Low
OPR-0372,2024-06-12,A card cloning scheme affecting 361 customers of Customer Services.,External Fraud,Medium,Compliance,14582,Security System Alert,Closed,2,2,4,Low
OPR-0373,2024-06-05,Incident reported by Customer Services regarding a card cloning scheme affecting 220 customers of IT Operations.,External Fraud,High,Customer Services,427746,Whistleblower Report,Under Investigation,2,3,6,Medium
OPR-0374,2025-01-05,"A third party gaining unapproved entry via online banking portal using stolen credentials, affecting IT Operations.",External Fraud,High,Customer Services,350916,Automated Health Check,Resolved,2,3,6,Medium
OPR-0375,2024-04-29,A synthetic identity scheme creating 258 fraudulent applications via ATM network.,External Fraud,Low,Wealth Management,4352,Automated Health Check,Under Investigation,2,1,2,Low
OPR-0376,2025-07-31,"IT Operations raised a concern after a third party gaining unsanctioned activity via internal HR system using stolen credentials, affecting Customer Services.",External Fraud,High,Retail Banking,287260,Facilities Management,Closed,2,3,6,Medium
OPR-0377,2024-12-18,A synthetic identity scheme creating 38 fraudulent applications via data warehouse.,External Fraud,High,Compliance,446976,Management Review,Escalated,2,3,6,Medium
OPR-0378,2025-10-18,Human Resources raised a concern after a synthetic identity scheme creating 464 fraudulent applications via trading platform.,External Fraud,Low,Compliance,4986,Regulatory Inspection,Resolved,2,1,2,Low
OPR-0379,2025-02-06,"An external actor exploiting a CRM system weakness to intercept £1,027 of payment instructions.",External Fraud,Medium,Treasury,46066,HR Report,Under Investigation,2,2,4,Low
OPR-0380,2025-04-16,Forged documentation used to open 104 accounts via payment gateway.,External Fraud,High,Corporate Banking,299943,Penetration Test,Closed,2,3,6,Medium
OPR-0381,2025-08-31,"A third party gaining unauthorised usage via ATM network using stolen credentials, affecting Payments.",External Fraud,Low,Customer Services,3385,Health & Safety Audit,Resolved,2,1,2,Low
OPR-0382,2026-02-11,"A third party gaining improper activity via data warehouse using stolen credentials, affecting Compliance.",External Fraud,Medium,Compliance,34634,SOC Monitoring,Resolved,2,2,4,Low
OPR-0383,2025-06-17,Incident reported by Human Resources regarding a phishing attempt compromising 148 customer accounts linked to Wealth Management.,External Fraud,High,Customer Services,378408,Quality Assurance Review,Resolved,2,3,6,Medium
OPR-0384,2025-12-14,Investigation opened following a card cloning scheme affecting 161 customers of Wealth Management within Compliance.,External Fraud,Medium,Retail Banking,31205,Regulatory Inspection,Under Investigation,2,2,4,Low
OPR-0385,2025-02-26,Human Resources team identified a card cloning scheme affecting 76 customers of Customer Services.,External Fraud,Medium,Customer Services,32632,Reconciliation Process,Under Investigation,2,2,4,Low
OPR-0386,2026-04-29,A phishing attempt compromising 201 customer accounts linked to Retail Banking.,External Fraud,High,IT Operations,187575,Reconciliation Process,Closed,2,3,6,Medium
OPR-0387,2025-11-18,"Incident reported by Payments regarding an external actor exploiting a internal HR system weakness to intercept £22,621 of payment instructions.",External Fraud,Medium,IT Operations,34710,Whistleblower Report,Escalated,2,2,4,Low
OPR-0388,2024-07-28,A card cloning scheme affecting 172 customers of Treasury.,External Fraud,High,Customer Services,188411,Security System Alert,Closed,2,3,6,Medium
OPR-0389,2025-04-22,"Compliance raised a concern after a third party gaining unsanctioned access via trading platform using stolen credentials, affecting Payments.",External Fraud,High,Risk Management,349420,Regulatory Inspection,Resolved,2,3,6,Medium
OPR-0390,2025-08-21,"An external actor exploiting a payment gateway weakness to intercept £13,657 of payment instructions.",External Fraud,High,Human Resources,460976,Direct Complaint,Resolved,2,3,6,Medium
OPR-0391,2026-02-20,A card cloning scheme affecting 94 customers of Payments.,External Fraud,Medium,Customer Services,40427,Threat Intelligence Feed,Resolved,2,2,4,Low
OPR-0392,2024-03-01,"Corporate Banking raised a concern after an external actor exploiting a online banking portal weakness to intercept £44,592 of payment instructions.",External Fraud,Medium,Retail Banking,43182,Health & Safety Audit,Under Investigation,2,2,4,Low
OPR-0393,2025-06-01,A card cloning scheme affecting 324 customers of Human Resources.,External Fraud,High,Customer Services,468938,Regulatory Inspection,Resolved,2,3,6,Medium
OPR-0394,2025-02-25,"Corporate Banking raised a concern after a third party gaining unauthorised usage via data warehouse using stolen credentials, affecting Retail Banking.",External Fraud,High,Customer Services,302993,Compliance Monitoring,Under Investigation,2,3,6,Medium
OPR-0395,2024-09-03,IT Operations team detected a phishing attempt compromising 137 customer accounts linked to IT Operations.,External Fraud,High,Treasury,256706,Automated Control Alert,Open,2,3,6,Medium
OPR-0396,2025-12-01,"Corporate Banking raised a concern after a third party gaining unsanctioned access via online banking portal using stolen credentials, affecting Retail Banking.",External Fraud,High,Wealth Management,166931,Threat Intelligence Feed,Closed,2,3,6,Medium
OPR-0397,2026-03-14,Forged documentation used to open 466 accounts via online banking portal.,External Fraud,High,Corporate Banking,193925,SOC Monitoring,Closed,2,3,6,Medium
OPR-0398,2024-10-14,"Investigation opened following an external actor exploiting a core banking platform weakness to intercept £21,410 of payment instructions within Compliance.",External Fraud,Medium,Treasury,19365,Customer Notification,Resolved,2,2,4,Low
OPR-0399,2026-05-04,A card cloning scheme affecting 204 customers of Customer Services.,External Fraud,Medium,Treasury,29588,Transaction Monitoring,Open,2,2,4,Low
OPR-0400,2024-03-18,Forged documentation used to open 312 accounts via ATM network.,External Fraud,High,Human Resources,208262,Regulatory Inspection,Closed,2,3,6,Medium
OPR-0401,2025-01-19,Incident reported by Risk Management regarding a card cloning scheme affecting 346 customers of Compliance.,External Fraud,High,Wealth Management,238899,Whistleblower Report,Closed,2,3,6,Medium
OPR-0402,2026-03-13,A synthetic identity scheme creating 170 fraudulent applications via loan origination system.,External Fraud,High,Risk Management,182825,Penetration Test,Resolved,2,3,6,Medium
OPR-0403,2024-05-15,"A third party gaining unsanctioned access via loan origination system using stolen credentials, affecting Compliance.",External Fraud,High,Human Resources,269315,Regulatory Inspection,Resolved,2,3,6,Medium
OPR-0404,2024-04-05,"IT Operations raised a concern after an external actor exploiting a trading platform weakness to intercept £26,046 of payment instructions.",External Fraud,Medium,Compliance,14375,SOC Monitoring,Under Investigation,2,2,4,Low
OPR-0405,2025-01-24,A phishing attempt compromising 162 customer accounts linked to Compliance.,External Fraud,Medium,Wealth Management,15861,Automated Control Alert,Under Investigation,2,2,4,Low
OPR-0406,2025-05-10,"A third party gaining unapproved usage via payment gateway using stolen credentials, affecting Human Resources.",External Fraud,Low,Risk Management,1150,Site Inspection,Resolved,2,1,2,Low
OPR-0407,2025-02-09,Forged documentation used to open 419 accounts via loan origination system.,External Fraud,Medium,IT Operations,39189,Whistleblower Report,Resolved,2,2,4,Low
OPR-0408,2024-07-24,An unpatched mobile banking app vulnerability exploited to extract 211 customer records.,Cybersecurity Incident,Critical,Wealth Management,2696652,Insurance Claim,Resolved,2,5,10,Medium
OPR-0409,2024-04-26,Payments raised a concern after malware detected attempting to reach ATM network from a Treasury endpoint.,Cybersecurity Incident,Medium,Corporate Banking,25911,Transaction Monitoring,Resolved,2,2,4,Low
OPR-0410,2026-05-18,Incident reported by Payments regarding an unpatched mobile banking app vulnerability exploited to extract 332 customer records.,Cybersecurity Incident,Medium,Payments,14283,Customer Notification,Resolved,2,2,4,Low
OPR-0411,2025-02-14,Investigation opened following malware detected attempting to reach loan origination system from a Customer Services endpoint within Compliance.,Cybersecurity Incident,Medium,Retail Banking,44332,Customer Notification,Resolved,2,2,4,Low
OPR-0412,2025-10-22,Credential-stuffing activity against trading platform affecting 415 logins in Wealth Management.,Cybersecurity Incident,Medium,Customer Services,16751,Regulatory Inspection,Resolved,2,2,4,Low
OPR-0413,2025-08-17,Corporate Banking team discovered credential-stuffing activity against CRM system affecting 236 logins in IT Operations.,Cybersecurity Incident,Medium,Wealth Management,21486,Internal Audit,Resolved,2,2,4,Low
OPR-0414,2024-04-28,Credential-stuffing activity against trading platform affecting 167 logins in Compliance.,Cybersecurity Incident,High,Payments,147125,Reconciliation Process,Resolved,2,3,6,Medium
OPR-0415,2025-12-14,Treasury raised a concern after an unpatched online banking portal vulnerability exploited to extract 161 customer records.,Cybersecurity Incident,Critical,Compliance,2546240,Regulatory Inspection,Closed,2,5,10,Medium
OPR-0416,2024-06-12,A denial-of-service attempt disrupting loan origination system availability for 50 minutes.,Cybersecurity Incident,Low,IT Operations,3333,Health & Safety Audit,Open,2,1,2,Low
OPR-0417,2025-04-05,Human Resources raised a concern after malware detected attempting to reach loan origination system from a Wealth Management endpoint.,Cybersecurity Incident,Medium,Treasury,30445,Automated Health Check,Closed,2,2,4,Low
OPR-0418,2024-04-26,A denial-of-service attempt disrupting data warehouse availability for 90 minutes.,Cybersecurity Incident,Medium,Payments,33539,Law Enforcement Referral,Escalated,2,2,4,Low
OPR-0419,2024-06-25,Credential-stuffing activity against ATM network affecting 310 logins in Risk Management.,Cybersecurity Incident,High,Corporate Banking,185291,System Monitoring Alert,Resolved,2,3,6,Medium
OPR-0420,2025-01-17,Credential-stuffing activity against data warehouse affecting 206 logins in Compliance.,Cybersecurity Incident,High,Customer Services,369300,Whistleblower Report,Resolved,2,3,6,Medium
OPR-0421,2025-10-22,Investigation opened following ransomware encrypting files on mobile banking app within Customer Services within Retail Banking.,Cybersecurity Incident,High,Compliance,490212,Health & Safety Audit,Open,2,3,6,Medium
OPR-0422,2026-04-14,An unpatched data warehouse vulnerability exploited to extract 342 customer records.,Cybersecurity Incident,Critical,Corporate Banking,1756238,Customer Notification,Closed,2,5,10,Medium
OPR-0423,2024-02-01,Customer Services team found ransomware encrypting files on core banking platform within Risk Management.,Cybersecurity Incident,Critical,Corporate Banking,1962384,Customer Notification,Closed,2,5,10,Medium
OPR-0424,2024-04-26,A denial-of-service attempt disrupting trading platform availability for 120 minutes.,Cybersecurity Incident,Critical,Treasury,2006807,Automated Control Alert,Under Investigation,2,5,10,Medium
OPR-0425,2026-06-14,Investigation opened following unapproved entry to payment gateway exposing data for 186 customers of Payments within IT Operations.,Cybersecurity Incident,Critical,Compliance,3235789,Law Enforcement Referral,Resolved,2,5,10,Medium
OPR-0426,2024-05-22,Investigation opened following ransomware encrypting files on core banking platform within Treasury within Risk Management.,Cybersecurity Incident,Low,Risk Management,1359,Employee Survey,Resolved,2,1,2,Low
OPR-0427,2025-11-26,Unapproved entry to loan origination system exposing data for 478 customers of Compliance.,Cybersecurity Incident,Low,Human Resources,4448,Transaction Monitoring,Escalated,2,1,2,Low
OPR-0428,2024-09-10,Credential-stuffing activity against internal HR system affecting 80 logins in Wealth Management.,Cybersecurity Incident,Critical,Corporate Banking,1998106,IT Operations Report,Resolved,2,5,10,Medium
OPR-0429,2025-06-11,Human Resources team identified credential-stuffing activity against trading platform affecting 240 logins in Risk Management.,Cybersecurity Incident,Low,Customer Services,3182,IT Operations Report,Resolved,2,1,2,Low
OPR-0430,2024-08-11,Incident reported by Retail Banking regarding an unpatched internal HR system vulnerability exploited to extract 145 customer records.,Cybersecurity Incident,Critical,Payments,4093225,Site Inspection,Closed,2,5,10,Medium
OPR-0431,2024-05-07,Investigation opened following ransomware encrypting files on internal HR system within Payments within Corporate Banking.,Cybersecurity Incident,High,Risk Management,291029,Internal Audit,Resolved,2,3,6,Medium
OPR-0432,2025-01-15,Incident reported by Treasury regarding credential-stuffing activity against core banking platform affecting 210 logins in Compliance.,Cybersecurity Incident,Critical,Corporate Banking,1801928,Compliance Monitoring,Resolved,2,5,10,Medium
OPR-0433,2025-08-30,Corporate Banking team detected ransomware encrypting files on internal HR system within Customer Services.,Cybersecurity Incident,Critical,Wealth Management,3434333,Internal Audit,Closed,2,5,10,Medium
OPR-0434,2026-01-18,Unapproved entry to trading platform exposing data for 196 customers of Corporate Banking.,Cybersecurity Incident,High,IT Operations,329069,Site Inspection,Closed,2,3,6,Medium
OPR-0435,2025-09-16,Incident reported by Corporate Banking regarding credential-stuffing activity against internal HR system affecting 187 logins in Compliance.,Cybersecurity Incident,High,Corporate Banking,187717,Customer Notification,Closed,2,3,6,Medium
OPR-0436,2026-01-17,Investigation opened following an unpatched loan origination system vulnerability exploited to extract 169 customer records within Retail Banking.,Cybersecurity Incident,Low,Treasury,2221,Employee Survey,Escalated,2,1,2,Low
OPR-0437,2025-09-13,Malware detected attempting to reach loan origination system from a Treasury endpoint.,Cybersecurity Incident,Critical,Payments,3785259,Threat Intelligence Feed,Open,2,5,10,Medium
OPR-0438,2025-08-31,Unsanctioned activity to core banking platform exposing data for 192 customers of Customer Services.,Cybersecurity Incident,Medium,Compliance,29505,Management Review,Resolved,2,2,4,Low
OPR-0439,2025-04-27,Customer Services team discovered unauthorised access to ATM network exposing data for 42 customers of Retail Banking.,Cybersecurity Incident,High,Customer Services,469982,Management Review,Escalated,2,3,6,Medium
OPR-0440,2025-03-01,An unpatched online banking portal vulnerability exploited to extract 335 customer records.,Cybersecurity Incident,Low,Corporate Banking,1409,Employee Survey,Open,2,1,2,Low
OPR-0441,2024-07-27,Retail Banking raised a concern after ransomware encrypting files on trading platform within Customer Services.,Cybersecurity Incident,Low,Corporate Banking,1643,Facilities Management,Closed,2,1,2,Low
OPR-0442,2024-04-28,Incident reported by Compliance regarding an unpatched ATM network vulnerability exploited to extract 36 customer records.,Cybersecurity Incident,Medium,Human Resources,33106,Employee Survey,Under Investigation,2,2,4,Low
OPR-0443,2025-06-13,Credential-stuffing activity against mobile banking app affecting 198 logins in Risk Management.,Cybersecurity Incident,Critical,Wealth Management,4183435,Direct Complaint,Closed,2,5,10,Medium
OPR-0444,2025-06-20,Improper access to ATM network exposing data for 329 customers of Risk Management.,Cybersecurity Incident,Critical,IT Operations,1974930,System Monitoring Alert,Under Investigation,2,5,10,Medium
OPR-0445,2025-01-11,Ransomware encrypting files on online banking portal within Risk Management.,Cybersecurity Incident,Medium,Retail Banking,31307,HR Report,Resolved,2,2,4,Low
OPR-0446,2024-02-17,An unpatched loan origination system vulnerability exploited to extract 479 customer records.,Cybersecurity Incident,Low,Wealth Management,2509,Reconciliation Process,Escalated,2,1,2,Low
OPR-0447,2024-11-23,Incident reported by Wealth Management regarding a denial-of-service attempt disrupting ATM network availability for 75 minutes.,Cybersecurity Incident,High,Payments,273815,Automated Control Alert,Resolved,2,3,6,Medium
OPR-0448,2026-03-03,Investigation opened following a denial-of-service attempt disrupting online banking portal availability for 15 minutes within IT Operations.,Cybersecurity Incident,Critical,Payments,4016632,Insurance Claim,Resolved,2,5,10,Medium
OPR-0449,2025-08-28,An unpatched data warehouse vulnerability exploited to extract 397 customer records.,Cybersecurity Incident,Critical,Human Resources,4548511,Threat Intelligence Feed,Resolved,2,5,10,Medium
OPR-0450,2026-05-09,Credential-stuffing activity against trading platform affecting 8 logins in Retail Banking.,Cybersecurity Incident,Medium,Treasury,44726,Facilities Management,Open,2,2,4,Low
OPR-0451,2025-05-18,Unsanctioned activity to payment gateway exposing data for 55 customers of Compliance.,Cybersecurity Incident,Critical,Corporate Banking,4689412,Customer Notification,Resolved,2,5,10,Medium
OPR-0452,2024-04-07,A member of staff in Compliance creating 46 fictitious supplier invoices.,Internal Fraud,High,Risk Management,189441,Quality Assurance Review,Escalated,1,3,3,Low
OPR-0453,2026-03-31,Incident reported by Compliance regarding an employee in Human Resources accessing 239 customer accounts without proper authorisation to divert funds.,Internal Fraud,Medium,Compliance,31671,Automated Health Check,Under Investigation,1,2,2,Low
OPR-0454,2025-04-22,Collusion between employees in Wealth Management to bypass approval controls on 282 transactions.,Internal Fraud,Medium,Corporate Banking,18308,Internal Audit,Resolved,1,2,2,Low
OPR-0455,2024-06-10,"Customer Services team identified an internal override of ATM network controls in Risk Management enabling diversion of £14,891.",Internal Fraud,High,Risk Management,404100,Direct Complaint,Closed,1,3,3,Low
OPR-0456,2026-04-19,"A staff member manipulating loan origination system records to conceal £30,435 of missing funds.",Internal Fraud,High,Compliance,410672,Penetration Test,Under Investigation,1,3,3,Low
OPR-0457,2024-01-13,"An employee in Treasury submitting falsified expense claims totalling £27,052.",Internal Fraud,High,Corporate Banking,431546,Health & Safety Audit,Closed,1,3,3,Low
OPR-0458,2025-10-23,An employee in Compliance accessing 471 customer accounts without proper authorisation to divert funds.,Internal Fraud,Medium,IT Operations,17462,Facilities Management,Resolved,1,2,2,Low
OPR-0459,2026-04-21,"An internal override of internal HR system controls in Wealth Management enabling diversion of £25,882.",Internal Fraud,Medium,Compliance,18247,Direct Complaint,Resolved,1,2,2,Low
OPR-0460,2024-10-13,An employee in Compliance accessing 322 customer accounts without proper authorisation to divert funds.,Internal Fraud,Medium,Customer Services,38201,Security System Alert,Open,1,2,2,Low
OPR-0461,2024-03-03,"Investigation opened following an employee in Risk Management submitting falsified purchase orders totalling £28,274 within Payments.",Internal Fraud,Medium,Payments,31995,Insurance Claim,Resolved,1,2,2,Low
OPR-0462,2025-08-02,Investigation opened following a member of staff in Human Resources creating 146 fictitious supplier invoices within Retail Banking.,Internal Fraud,High,Customer Services,204467,Insurance Claim,Under Investigation,1,3,3,Low
OPR-0463,2026-02-24,IT Operations raised a concern after a member of staff in Treasury creating 59 fictitious supplier invoices.,Internal Fraud,High,Human Resources,282302,Transaction Monitoring,Resolved,1,3,3,Low
OPR-0464,2026-05-15,"IT Operations raised a concern after a staff member manipulating CRM system records to conceal £21,640 of missing funds.",Internal Fraud,Medium,Payments,18367,Regulatory Inspection,Open,1,2,2,Low
OPR-0465,2024-11-12,"A staff member manipulating core banking platform records to conceal £4,481 of missing funds.",Internal Fraud,High,Retail Banking,357066,Quality Assurance Review,Closed,1,3,3,Low
OPR-0466,2025-09-20,"Corporate Banking raised a concern after a staff member manipulating trading platform records to conceal £12,430 of missing funds.",Internal Fraud,Medium,Human Resources,45624,Internal Audit,Open,1,2,2,Low
OPR-0467,2025-01-17,"Payments team discovered an internal override of ATM network controls in Wealth Management enabling diversion of £22,856.",Internal Fraud,Medium,Compliance,45287,Whistleblower Report,Escalated,1,2,2,Low
OPR-0468,2025-07-29,"Investigation opened following an internal override of trading platform controls in IT Operations enabling diversion of £44,416 within Compliance.",Internal Fraud,High,Retail Banking,344582,Whistleblower Report,Open,1,3,3,Low
OPR-0469,2025-08-09,Human Resources raised a concern after an employee in IT Operations accessing 101 customer accounts without proper authorisation to divert funds.,Internal Fraud,High,Treasury,401437,Insurance Claim,Under Investigation,1,3,3,Low
OPR-0470,2024-11-23,"A staff member manipulating trading platform records to conceal £1,546 of missing funds.",Internal Fraud,Medium,Corporate Banking,28779,Reconciliation Process,Closed,1,2,2,Low
OPR-0471,2024-01-02,"An employee in Wealth Management submitting falsified reimbursement forms totalling £28,302.",Internal Fraud,Low,Wealth Management,4339,Penetration Test,Closed,1,1,1,Low
OPR-0472,2026-04-28,An employee in IT Operations accessing 91 customer accounts without proper authorisation to divert funds.,Internal Fraud,Medium,Corporate Banking,43446,Internal Audit,Resolved,1,2,2,Low
OPR-0473,2024-12-16,"Compliance team found a staff member manipulating mobile banking app records to conceal £5,715 of missing funds.",Internal Fraud,High,Wealth Management,281645,System Monitoring Alert,Closed,1,3,3,Low
OPR-0474,2024-02-24,"An employee in Human Resources submitting falsified purchase orders totalling £27,622.",Internal Fraud,High,Corporate Banking,425012,Customer Complaint,Closed,1,3,3,Low
OPR-0475,2025-02-06,A member of staff in Customer Services creating 86 fictitious supplier invoices.,Internal Fraud,High,IT Operations,281349,Security System Alert,Resolved,1,3,3,Low
OPR-0476,2024-07-23,"An employee in Retail Banking submitting falsified expense claims totalling £42,624.",Internal Fraud,Medium,Wealth Management,25122,Security System Alert,Resolved,1,2,2,Low
OPR-0477,2025-05-15,"An internal override of online banking portal controls in Risk Management enabling diversion of £36,459.",Internal Fraud,Medium,Payments,28827,Customer Complaint,Resolved,1,2,2,Low
OPR-0478,2024-09-26,An employee in Payments accessing 123 customer accounts without proper authorisation to divert funds.,Internal Fraud,High,Human Resources,190004,Fraud Monitoring System,Closed,1,3,3,Low
OPR-0479,2025-07-08,Payments raised a concern after an employee in IT Operations accessing 291 customer accounts without proper authorisation to divert funds.,Internal Fraud,High,Corporate Banking,288718,IT Operations Report,Under Investigation,1,3,3,Low
OPR-0480,2026-05-24,"Compliance team detected an internal override of data warehouse controls in Retail Banking enabling diversion of £34,670.",Internal Fraud,High,Treasury,346108,Fraud Monitoring System,Open,1,3,3,Low
OPR-0481,2024-07-16,"A staff member manipulating loan origination system records to conceal £45,569 of missing funds.",Internal Fraud,Critical,Corporate Banking,3722380,Internal Audit,Closed,1,5,5,Low
OPR-0482,2025-02-01,A member of staff in Wealth Management creating 174 fictitious supplier invoices.,Internal Fraud,Low,Compliance,1509,Compliance Monitoring,Resolved,1,1,1,Low
OPR-0483,2025-08-03,A member of staff in IT Operations creating 62 fictitious supplier invoices.,Internal Fraud,Critical,Payments,4889059,Customer Notification,Resolved,1,5,5,Low
OPR-0484,2025-09-15,An employee in Retail Banking accessing 149 customer accounts without proper authorisation to divert funds.,Internal Fraud,High,Human Resources,163812,Whistleblower Report,Open,1,3,3,Low
OPR-0485,2024-08-31,"An employee in Payments submitting falsified supplier invoices totalling £25,208.",Internal Fraud,High,Payments,458809,Whistleblower Report,Closed,1,3,3,Low
OPR-0486,2025-12-02,"An employee in Treasury submitting falsified supplier invoices totalling £29,839.",Internal Fraud,High,Treasury,152975,Transaction Monitoring,Resolved,1,3,3,Low
OPR-0487,2025-02-20,"An internal override of data warehouse controls in Payments enabling diversion of £25,304.",Internal Fraud,High,Customer Services,163326,IT Operations Report,Escalated,1,3,3,Low
OPR-0488,2024-05-18,A member of staff in IT Operations creating 96 fictitious supplier invoices.,Internal Fraud,High,Human Resources,326158,Whistleblower Report,Resolved,1,3,3,Low
OPR-0489,2024-07-22,Collusion between employees in Human Resources to bypass approval controls on 266 transactions.,Internal Fraud,High,IT Operations,338672,Automated Health Check,Closed,1,3,3,Low
OPR-0490,2024-06-30,An employee in IT Operations accessing 187 customer accounts without proper authorisation to divert funds.,Internal Fraud,High,Retail Banking,445933,System Monitoring Alert,Under Investigation,1,3,3,Low
OPR-0491,2026-05-24,A member of staff in Treasury creating 339 fictitious supplier invoices.,Internal Fraud,High,Retail Banking,236114,Security System Alert,Open,1,3,3,Low
OPR-0492,2024-05-15,"An internal override of ATM network controls in Compliance enabling diversion of £1,354.",Internal Fraud,High,Wealth Management,149012,Insurance Claim,Closed,1,3,3,Low
OPR-0493,2025-04-15,Collusion between employees in Treasury to bypass approval controls on 162 transactions.,Internal Fraud,Medium,Human Resources,36062,Regulatory Inspection,Closed,1,2,2,Low
OPR-0494,2025-10-24,Investigation opened following a member of staff in IT Operations creating 160 fictitious supplier invoices within Risk Management.,Internal Fraud,High,Risk Management,222031,Health & Safety Audit,Open,1,3,3,Low
OPR-0495,2024-06-02,Investigation opened following a member of staff in Treasury creating 420 fictitious supplier invoices within Risk Management.,Internal Fraud,Critical,Wealth Management,1764380,IT Operations Report,Escalated,1,5,5,Low
OPR-0496,2026-01-24,"An employee in IT Operations submitting falsified credit memos totalling £13,246.",Internal Fraud,High,Compliance,371724,Transaction Monitoring,Closed,1,3,3,Low
OPR-0497,2025-11-04,Human Resources raised a concern after a member of staff in Compliance creating 57 fictitious supplier invoices.,Internal Fraud,Critical,Risk Management,2251102,Facilities Management,Open,1,5,5,Low
OPR-0498,2026-03-18,Incident reported by Payments regarding collusion between employees in Human Resources to bypass approval controls on 307 transactions.,Internal Fraud,Medium,Customer Services,42057,Penetration Test,Resolved,1,2,2,Low
OPR-0499,2026-06-07,"An internal override of data warehouse controls in Wealth Management enabling diversion of £27,873.",Internal Fraud,Medium,IT Operations,20174,Automated Health Check,Resolved,1,2,2,Low
OPR-0500,2024-05-26,Collusion between employees in Compliance to bypass approval controls on 257 transactions.,Internal Fraud,Medium,Risk Management,13455,Health & Safety Audit,Closed,1,2,2,Low
