Incident_ID,Date_Reported,Description,Category,Severity,Financial_Impact_GBP,Likelihood_Score,Impact_Score,Risk_Score,Risk_Tier,Status,Model_Confidence,Description_clean,Cluster,Anomaly,Anomaly_Score
OPR-0001,2024-01-01,business email compromise led to fraudulent payment of £4000 to external account.,External Fraud,High,274290.0,4,3,12,High,Open,,business email compromise led to fraudulent payment of £4000 to external account.,8,False,0.16096268585389928
OPR-0002,2024-01-03,Core banking systme outage disrupted loan origination system services for 45 minutes.,Business Disruption & System Failures,High,460708.0,4,3,12,High,Under Investigation,,core banking systme outage disrupted loan origination system services for 45 minutes.,7,False,0.144297543800108
OPR-0003,2024-01-04,"Ransomware  attack  encrypted  files  on  payment  gateway,  disrupting  Corporate  Banking  operations.",Cybersecurity Incident,Medium,22261.0,3,2,6,Medium,Escalated,,"ransomware  attack  encrypted  files  on  payment  gateway,  disrupting  corporate  banking  operations.",7,False,0.18410319008572879
OPR-0004,2024-01-07,"Unauthorised transfer of £33,000 initiated by Treasury employee using stolen credentials.",Internal Fraud,Medium,15463.0,5,2,10,Medium,Resolved,,"unauthorised transfer of £33,000 initiated by treasury employee using stolen credentials.",8,False,0.2163257053520179
OPR-0005,2024-01-08,Health and safety inspection identified non-compliance in Human Resources office premises.,Employment Practices & Workplace Safety,Medium,9652.0,5,2,10,Medium,Closed,,health and safety inspection identified non-compliance in human resources office premises.,9,False,0.19100257040361213
OPR-0006,2024-01-08,Software deployment error caused online banking portal downtime lasting 1 business day.,Business Disruption & System Failures,High,361192.0,4,3,12,High,Under Investigation,,software deployment error caused online banking portal downtime lasting 1 business day.,1,False,0.17179361413024402
OPR-0007,2024-01-09,Staff member in Treasury approved fictitious credit memos to bypads internal controls.,Internal Fraud,High,103825.0,5,3,15,High,Resolved,,staff member in treasury approved fictitious credit memos to bypads internal controls.,5,False,0.1295804078256806
OPR-0008,2024-01-10,Mis-selling complaint upheld regarding mortgage products sold to retail customers.,"Clients, Products & Business Practices",High,332220.0,3,3,9,Medium,Closed,,mis-selling complaint upheld regarding mortgage products sold to retail customers.,6,False,0.17342788234890893
OPR-0009,2024-01-10,Health and safety inspection identified non-compliance in Human Resources office premises.,External Fraud,High,465058.0,4,3,12,High,Open,,health and safety inspection identified non-compliance in human resources office premises.,9,False,0.1374319465712135
OPR-0010,2024-01-13,Staff member sustained injury during Compliance office relocation activities.,"Clients, Products & Business Practices",Low,2390.0,3,1,3,Low,Resolved,,staff member sustained injury during compliance office relocation activities.,5,False,0.12488032377976477
OPR-0011,2024-01-16,Formal  complaint  raised  regarding  workplace  harassment  in  IT  Operations  division.,Employment Practices & Workplace Safety,Low,2856.0,5,1,5,Low,Closed,,formal  complaint  raised  regarding  workplace  harassment  in  it  operations  division.,6,False,0.17582712996904942
OPR-0012,2024-01-18,Card-not-present fraud detected across 22 transactions totalling £7500.,External Fraud,Low,3190.0,4,1,4,Low,Resolved,,card-not-present fraud detected across 22 transactions totalling £7500.,8,False,0.152412644971123
OPR-0013,2024-01-22,Third party used stolen identity documents to open 128 fraudulent accounts.,External Fraud,Low,3958.0,4,1,4,Low,Closed,,third party used stolen identity documents to open 128 fraudulent accounts.,10,False,0.1483384591074836
OPR-0014,2024-01-25,Employee an operations officer manipulated core banking platform records to conceal unauthorised fund transfers.,Internal Fraud,High,379837.0,5,3,15,High,Escalated,,employee an operations officer manipulated core banking platform records to conceal unauthorised fund transfers.,7,False,0.17461990558053653
OPR-0015,2024-01-26,Staff member sustained injury during Retail Banking office relocation activities.,Employment Practices & Workplace Safety,Medium,16754.0,5,2,10,Medium,Closed,,staff member sustained injury during retail banking office relocation activities.,5,False,0.21338183039998299
OPR-0016,2024-01-27,Breach of consumer duty obligations identified in mortgage products disclosure documents.,"Clients, Products & Business Practices",Medium,19484.0,3,2,6,Medium,Closed,,breach of consumer duty obligations identified in mortgage products disclosure documents.,9,False,0.1812491617173932
OPR-0017,2024-01-29,Employee falsified expense claims totalling £2500 over a three-month period.,Internal Fraud,High,418811.0,5,3,15,High,Closed,,employee falsified expense claims totalling £2500 over a three-month period.,8,False,0.13932368975580062
OPR-0018,2024-01-31,"Employee falsified expense claims totalling £245,000 over a two-week period.",Internal Fraud,Medium,18049.0,5,2,10,Medium,Under Investigation,,"employee falsified expense claims totalling £245,000 over a two-week period.",8,False,0.21130528698569057
OPR-0019,2024-02-02,Card-not-present fraud detected across 30 transactions totalling £25000.,External Fraud,Medium,42268.0,4,2,8,Medium,Open,,card-not-present fraud detected across 30 transactions totalling £25000.,8,False,0.17794049165635123
OPR-0020,2024-02-03,Third-party cloud provider outage disrupted access to core banking platform platform.,Business Disruption & System Failures,High,394488.0,4,3,12,High,Closed,,third-party cloud provider outage disrupted access to core banking platform platform.,7,False,0.18254295352215194
OPR-0021,2024-02-05,Business email compromise led to fraudulent payment of £25000 to external account.,Employment Practices & Workplace Safety,High,94360.0,5,3,15,High,Escalated,,business email compromise led to fraudulent payment of £25000 to external account.,8,False,0.12721883432798786
OPR-0022,2024-02-06,"Ransomware attack encrypted files on core banking platform, disrupting Payments operations.",Cybersecurity Incident,Medium,45465.0,3,2,6,Medium,Open,,"ransomware attack encrypted files on core banking platform, disrupting payments operations.",7,False,0.15447689516795282
OPR-0023,2024-02-07,Third party used stolen identity documents to open 259 fraudulent accounts.,External Fraud,Medium,35105.0,4,2,8,Medium,Resolved,,third party used stolen identity documents to open 259 fraudulent accounts.,10,False,0.18442820717345987
OPR-0024,2024-02-10,Employee flasified expense claims totalling..,Internal Fraud,High,374734.0,5,3,15,High,Open,,employee flasified expense claims totalling..,8,False,0.17159451468389297
OPR-0025,2024-02-10,Health and safety inspection identified non-compliance in IT Operations office premises.,Employment Practices & Workplace Safety,High,390013.0,5,3,15,High,Under Investigation,,health and safety inspection identified non-compliance in it operations office premises.,9,False,0.17109253593302604
OPR-0026,2024-02-10,Late reporting to regulator caused by breakdown in Risk Management reconciliation process.,"Execution, Delivery & Process Management",Low,746.0,5,1,5,Low,Under Investigation,,late reporting to regulator caused by breakdown in risk management reconciliation process.,5,False,0.1580802776616832
OPR-0027,2024-02-12,Distributed denial-of-service attack disrupted payment gateway availability for 1 business day.,Cybersecurity Incident,Medium,18807.0,3,2,6,Medium,Resolved,,distributed denial-of-service attack disrupted payment gateway availability for 1 business day.,7,False,0.18242724892376333
OPR-0028,2024-02-15,Trader in Corporate Banking exceeded authorised limits and concealed losses via mismarked positions.,Internal Fraud,High,268929.0,5,3,15,High,Resolved,,trader in corporate banking exceeded authorised limits and concealed losses via mismarked positions.,11,False,0.18738157061595861
OPR-0029,2024-02-15,"inncident at Customer Services site caused loan origination system to become unavailable, engineers dispatched.",Damage to Physical Assets,Critical,3986976.0,1,5,5,Low,Resolved,,"inncident at customer services site caused loan origination system to become unavailable, engineers dispatched.",7,True,-0.1041082935222496
OPR-0030,2024-02-15,Database corruption in core banking platform led to temporary loss of transaction processing.,Business Disruption & System Failures,Medium,20538.0,4,2,8,Medium,Open,,database corruption in core banking platform led to temporary loss of transaction processing.,7,False,0.18982329228924322
OPR-0031,2024-02-17,Power outage caused by storm damage disrupted operations at Retail Banking office.,Damage to Physical Assets,Medium,46500.0,1,2,2,Low,Closed,,power outage caused by storm damage disrupted operations at retail banking office.,5,False,0.048686234297037
OPR-0032,2024-02-20,Employee grievance filed alleging discriminatory practice within Paymens team,Employment Practices & Workplace Safety,Low,2448.0,5,1,5,Low,Under Investigation,,employee grievance filed alleging discriminatory practice within paymens team,2,False,0.1707308225443136
OPR-0033,2024-02-20,Network connectivity failure at Corporate Banking data centre affected 290 branches.,Business Disruption & System Failures,Critical,4643420.0,4,5,20,Critical,Resolved,,network connectivity failure at corporate banking data centre affected 290 branches.,3,True,-0.005376131524126526
OPR-0034,2024-02-21,"Card-not-present fraud detected across 408 transactions totalling £528,000.",Employment Practices & Workplace Safety,Medium,28617.0,5,2,10,Medium,Closed,,"card-not-present fraud detected across 408 transactions totalling £528,000.",8,False,0.2093713253256052
OPR-0035,2024-02-22,Third party used stolen identity documents to open 315 fraudulent accounts.,External Fraud,Critical,3690629.0,4,5,20,Critical,Resolved,,third party used stolen identity documents to open 315 fraudulent accounts.,10,False,0.017058802117007166
OPR-0036,2024-02-29,Incorrect interest rate applied to 332 customer accounts due to configuration error.,"Execution, Delivery & Process Management",Medium,41856.0,5,2,10,Medium,Resolved,,incorrect interest rate applied to 332 customer accounts due to configuration error.,1,False,0.17919051770694383
OPR-0037,2024-03-02,Third party used stolen identity documents to open 188 fraudulent accounts.,External Fraud,High,318572.0,4,3,12,High,Resolved,,third party used stolen identity documents to open 188 fraudulent accounts.,10,False,0.16450243650776858
OPR-0038,2024-03-04,Phishing attack resulted in unauthorised access to 97 customer accounts.,External Fraud,Medium,30087.0,4,2,8,Medium,Resolved,,phishing attack resulted in unauthorised access to 97 customer accounts.,4,False,0.18779315765289406
OPR-0039,2024-03-05,Third party used stolen identity documents to open 286 frudulent accounts.,External Fraud,High,465623.0,4,3,12,High,Resolved,,third party used stolen identity documents to open 286 frudulent accounts.,10,False,0.1377677429234972
OPR-0040,2024-03-05,Formal complaint raised regarding workplace.,Employment Practices & Workplace Safety,Critical,684856.0,5,5,25,Critical,Closed,,formal complaint raised regarding workplace.,6,True,-0.016019709445020847
OPR-0041,2024-03-06,core banking system outage disrupted online banking portal services for 45 minutes.,Business Disruption & System Failures,High,424220.0,4,3,12,High,Closed,,core banking system outage disrupted online banking portal services for 45 minutes.,7,False,0.17268597869436475
OPR-0042,2024-03-09,"Vandalism reported at ATM located at Payments branch, machine offline for repair.",Damage to Physical Assets,High,363991.0,1,3,3,Low,Closed,,"vandalism reported at atm located at payments branch, machine offline for repair.",7,False,0.03445181591832169
OPR-0043,2024-03-09,late reeporting to regulator caused by.,Business Disruption & System Failures,High,233738.0,4,3,12,High,Resolved,,late reeporting to regulator caused by.,5,False,0.16955893288129492
OPR-0044,2024-03-13,FLOODING AT COMPLIANCE DATA CENTRE CAUSED DISRUPTION TO ON-SITE SERVER INFRASTRUCTURE.,Damage to Physical Assets,High,268229.0,1,3,3,Low,Resolved,,flooding at compliance data centre caused disruption to on-site server infrastructure.,3,False,0.031401936242598016
OPR-0045,2024-03-13,Customer data used for maketing without valid consent under GDPR for 128 clients.,Internal Fraud,High,460539.0,5,3,15,High,Resolved,,customer data used for maketing without valid consent under gdpr for 128 clients.,10,False,0.10947077656443305
OPR-0046,2024-03-17,Employee falsified expense claims totalling £1200 over a three-month period.,Internal Fraud,High,61429.0,5,3,15,High,Escalated,,employee falsified expense claims totalling £1200 over a three-month period.,8,False,0.12217335378228855
OPR-0047,2024-03-21,Data breach exposed personal information of.,Cybersecurity Incident,Medium,30873.0,3,2,6,Medium,Closed,,data breach exposed personal information of.,10,False,0.1745223307456245
OPR-0048,2024-03-25,Third-party cloud provider outage disrupted access to loan origination system platform.,Business Disruption & System Failures,High,108105.0,4,3,12,High,Under Investigation,,third-party cloud provider outage disrupted access to loan origination system platform.,7,False,0.15783827770379438
OPR-0049,2024-03-28,Settlement  failure  occurred  due  to  mismatched  trade  instructions  in  mobile  banking  app.,"Execution, Delivery & Process Management",Low,4670.0,5,1,5,Low,Resolved,,settlement  failure  occurred  due  to  mismatched  trade  instructions  in  mobile  banking  app.,8,False,0.1458772340647806
OPR-0050,2024-03-30,"Incident at Corporate Banking site caused mobile banking app to become unavailable, engineers dispatched.",Business Disruption & System Failures,High,115582.0,4,3,12,High,Open,,"incident at corporate banking site caused mobile banking app to become unavailable, engineers dispatched.",7,False,0.16102881454512474
OPR-0051,2024-03-31,Unauthorised access detected on online banking portal following credential stuffing attack.,Cybersecurity Incident,High,433652.0,3,3,9,Medium,Resolved,,unauthorised access detected on online banking portal following credential stuffing attack.,4,False,0.15386690740519432
OPR-0052,2024-04-02,"EMPLOYEE FALSIFIED EXPENSE CLAIMS TOTLALING £86,000 OVER A ONE-YEAR PERIOD.",Internal Fraud,Medium,16960.0,5,2,10,Medium,Closed,,"employee falsified expense claims totlaling £86,000 over a one-year period.",8,False,0.21349054897486425
OPR-0053,2024-04-05,REGULATORY REVIEW IDENTIFIED INADEQUATE SUITABILITY ASSESSMENT FOR INVESTMENT BONDS SALES.,"Clients, Products & Business Practices",Low,359.0,3,1,3,Low,Closed,,regulatory review identified inadequate suitability assessment for investment bonds sales.,0,False,0.09088985195221055
OPR-0054,2024-04-06,Power outage caused by storm damage disrupted operations at Human Resources office.,Damage to Physical Assets,Critical,4217817.0,1,5,5,Low,Under Investigation,,power outage caused by storm damage disrupted operations at human resources office.,5,True,-0.11264595668227884
OPR-0055,2024-04-07,Manual data entry errror in Payments led to incorrect processing of 298 transactions.,"Execution, Delivery & Process Management",Low,3400.0,5,1,5,Low,Closed,,manual data entry errror in payments led to incorrect processing of 298 transactions.,1,False,0.17284346378436738
OPR-0056,2024-04-08,Manual data entry error in Human Resources led to incorrect processing of 176 transactions.,"Execution, Delivery & Process Management",Medium,29421.0,5,2,10,Medium,Closed,,manual data entry error in human resources led to incorrect processing of 176 transactions.,1,False,0.2079672492636907
OPR-0057,2024-04-08,employee grievance filed alleging discriminatory practice within Corporate Banking team.,Employment Practices & Workplace Safety,High,76023.0,5,3,15,High,Resolved,,employee grievance filed alleging discriminatory practice within corporate banking team.,2,False,0.1316060671208903
OPR-0058,2024-04-11,"Processing error affected 346 customer accounts in Corporate Banking, complaint escalated for revieew.","Clients, Products & Business Practices",High,409493.0,3,3,9,Medium,Resolved,,"processing error affected 346 customer accounts in corporate banking, complaint escalated for revieew.",1,False,0.1590633674503213
OPR-0059,2024-04-11,Employee grievance filed alleging discriminatory practice within Payments team.,Employment Practices & Workplace Safety,Low,1263.0,5,1,5,Low,Resolved,,employee grievance filed alleging discriminatory practice within payments team.,2,False,0.16804398889772626
OPR-0060,2024-04-12,"Business email compromise led to fraudulent payment of £204,000 to external account.",External Fraud,High,406723.0,4,3,12,High,Under Investigation,,"business email compromise led to fraudulent payment of £204,000 to external account.",8,False,0.1770985782901029
OPR-0061,2024-04-15,Fire suppression system triggered at IT Operations branch causing equipment damage.,Damage to Physical Assets,High,350895.0,1,3,3,Low,Resolved,,fire suppression system triggered at it operations branch causing equipment damage.,5,False,0.03739536710436786
OPR-0062,2024-04-15,Incorrect interest rate applied to 332 customer accounts due to configuration error.,Internal Fraud,Low,3142.0,5,1,5,Low,Resolved,,incorrect interest rate applied to 332 customer accounts due to configuration error.,1,False,0.17627776067407624
OPR-0063,2024-04-17,Employee an operations officer manipulated mobile banking app records to conceal unauthorised fund transfers.,Internal Fraud,High,88902.0,5,3,15,High,Under Investigation,,employee an operations officer manipulated mobile banking app records to conceal unauthorised fund transfers.,7,False,0.1299071902746729
OPR-0064,2024-04-18,Data breach exposed personal information of 444 customers via online banking portal vulnerability.,Cybersecurity Incident,High,118411.0,3,3,9,Medium,Resolved,,data breach exposed personal information of 444 customers via online banking portal vulnerability.,10,False,0.13761756148557797
OPR-0065,2024-04-20,mis-selling complaint upheld regarding investment bonds sold to retail customers.,"Clients, Products & Business Practices",High,353397.0,3,3,9,Medium,Open,,mis-selling complaint upheld regarding investment bonds sold to retail customers.,6,False,0.1685419962563845
OPR-0066,2024-04-20,Trader in Wealth Management exceeded authorised limits and concealed losses via mismarked positions.,Internal Fraud,Medium,11729.0,5,2,10,Medium,Open,,trader in wealth management exceeded authorised limits and concealed losses via mismarked positions.,11,False,0.20005378615872121
OPR-0067,2024-04-21,"Suspicious transaction of £27,000 flagged in Human Resources, possible insider involvement not yet confirmed.",Internal Fraud,High,286981.0,5,3,15,High,Resolved,,"suspicious transaction of £27,000 flagged in human resources, possible insider involvement not yet confirmed.",3,False,0.19014173780920202
OPR-0068,2024-04-21,"Employee falsified expense claims totalling £7,000 over a onee-year period.",Internal Fraud,Medium,49640.0,5,2,10,Medium,Open,,"employee falsified expense claims totalling £7,000 over a onee-year period.",8,False,0.14781927635446523
OPR-0069,2024-04-25,Employee falsified expense claims totalling £25000 over a one-year period.,Internal Fraud,Medium,42533.0,5,2,10,Medium,Open,,employee falsified expense claims totalling £25000 over a one-year period.,8,False,0.17827708170065087
OPR-0070,2024-04-25,Incorrect interest rate applied to 372 customer accounts due to configuration error.,"Execution, Delivery & Process Management",High,176396.0,5,3,15,High,Resolved,,incorrect interest rate applied to 372 customer accounts due to configuration error.,1,False,0.15545298576606253
OPR-0071,2024-04-27,Incorrect interest rate applied to 480 customer accounnts due to configuration error.,"Execution, Delivery & Process Management",Medium,17816.0,5,2,10,Medium,Closed,,incorrect interest rate applied to 480 customer accounnts due to configuration error.,1,False,0.21130528698569057
OPR-0072,2024-04-28,Settlement failure occurred due to mismatched trade instruvtions in online banking portal,"Execution, Delivery & Process Management",Medium,22118.0,5,2,10,Medium,Under Investigation,,settlement failure occurred due to mismatched trade instruvtions in online banking portal,8,False,0.20838594538817762
OPR-0073,2024-04-29,Fire suppression system triggered at.,Business Disruption & System Failures,Low,1145.0,4,1,4,Low,Open,,fire suppression system triggered at.,5,False,0.13775898397287006
OPR-0074,2024-04-30,Breach of consumer duty obligations identified in credit cards disclosure documents.,"Clients, Products & Business Practices",Low,4264.0,3,1,3,Low,Under Investigation,,breach of consumer duty obligations identified in credit cards disclosure documents.,9,False,0.12331717777722018
OPR-0075,2024-05-02,Employee a senior analyst manipulated core banking platform records to conceal unauthorised fund transfers.,Internal Fraud,High,313214.0,5,3,15,High,Resolved,,employee a senior analyst manipulated core banking platform records to conceal unauthorised fund transfers.,7,False,0.18016048275369556
OPR-0076,2024-05-06,Breach of consumer duty obligations idetified in mortgage products disclosure documents.,"Clients, Products & Business Practices",Low,4829.0,3,1,3,Low,Closed,,breach of consumer duty obligations idetified in mortgage products disclosure documents.,9,False,0.10256351608207659
OPR-0077,2024-05-09,Customer data used for marketing without valid consent under GDPR for 373 clients.,"Clients, Products & Business Practices",High,384427.0,3,3,9,Medium,Closed,,customer data used for marketing without valid consent under gdpr for 373 clients.,10,False,0.17010591080077936
OPR-0078,2024-05-09,Regulatory review identified inadequate suitability assessment for credit cards sales.,"Clients, Products & Business Practices",High,417749.0,3,3,9,Medium,Closed,,regulatory review identified inadequate suitability assessment for credit cards sales.,0,False,0.1583818967155628
OPR-0079,2024-05-10,"Suspicious transaction of £827,000 flagged in Corporate Banking, possible insider involvement not yet confirmed.",External Fraud,Medium,21977.0,4,2,8,Medium,Open,,"suspicious transaction of £827,000 flagged in corporate banking, possible insider involvement not yet confirmed.",3,False,0.1908145917133348
OPR-0080,2024-05-13,Duplicate payment processed due to failure in loan origination system validation controls.,"Execution, Delivery & Process Management",High,448807.0,5,3,15,High,Resolved,,duplicate payment processed due to failure in loan origination system validation controls.,8,False,0.11846936011880216
OPR-0081,2024-05-17,"Ransomware attack encrypted files on core banking platform, disrupting Compliance operations.",Cybersecurity Incident,High,181437.0,3,3,9,Medium,Closed,,"ransomware attack encrypted files on core banking platform, disrupting compliance operations.",7,False,0.15217217814227402
OPR-0082,2024-05-18,"Suspicious transaction of £800 flagged in Compliance, possible insider involvement not yet confirmed.",Internal Fraud,High,497126.0,5,3,15,High,Open,,"suspicious transaction of £800 flagged in compliance, possible insider involvement not yet confirmed.",3,False,0.06699660370400495
OPR-0083,2024-05-18,Regulatory review identified inadequate suitability assessment for mortgage products sales.,"Clients, Products & Business Practices",Medium,24966.0,3,2,6,Medium,Open,,regulatory review identified inadequate suitability assessment for mortgage products sales.,0,False,0.18353003764314618
OPR-0084,2024-05-19,Phishing attack resulted in unauthorised access to 25 customer accounts.,External Fraud,Low,2679.0,4,1,4,Low,Resolved,,phishing attack resulted in unauthorised access to 25 customer accounts.,4,False,0.15871319105567377
OPR-0085,2024-05-19,Duplicate payment processed due to failure in payment gateway validation controls.,"Execution, Delivery & Process Management",Medium,35753.0,5,2,10,Medium,Under Investigation,,duplicate payment processed due to failure in payment gateway validation controls.,8,False,0.1975232754644063
OPR-0086,2024-05-21,"Processing error affected 211 customer accounts in Payments, complaint escalated for review.",External Fraud,Low,1396.0,4,1,4,Low,Under Investigation,,"processing error affected 211 customer accounts in payments, complaint escalated for review.",1,False,0.14240358356860217
OPR-0087,2024-05-23,"trading platform became unavailable for 6 hours, root cause not yet determined - possible external interference.",Business Disruption & System Failures,High,114994.0,4,3,12,High,Escalated,,"trading platform became unavailable for 6 hours, root cause not yet determined - possible external interference.",7,False,0.1613486509791987
OPR-0088,2024-05-25,Health and safety inspection identified,Employment Practices & Workplace Safety,Medium,12269.0,5,2,10,Medium,Closed,,health and safety inspection identified,9,False,0.20124421519474783
OPR-0089,2024-05-27,Business email compromise led to fraudulent payment of £4000 to external account.,External Fraud,High,206267.0,4,3,12,High,Resolved,,business email compromise led to fraudulent payment of £4000 to external account.,8,False,0.16220391985683313
OPR-0090,2024-05-29,Database corruption in payment gateway led to temporary loss of transaction processing.,Business Disruption & System Failures,Medium,19795.0,4,2,8,Medium,Under Investigation,,database corruption in payment gateway led to temporary loss of transaction processing.,7,False,0.18803951793383578
OPR-0091,2024-05-30,Health and safety inspection identified non-compliance in Compliance office premises.,Employment Practices & Workplace Safety,Medium,8664.0,5,2,10,Medium,Under Investigation,,health and safety inspection identified non-compliance in compliance office premises.,9,False,0.17478117023488093
OPR-0092,2024-05-31,Core banking system outage disrupted CRM system services for 45 minutes,Business Disruption & System Failures,High,463476.0,4,3,12,High,Closed,,core banking system outage disrupted crm system services for 45 minutes,7,False,0.14258894932206168
OPR-0093,2024-06-01,"Incident at Human Resources site caused loan origination system to become unavailable, engineers dispatched.",Internal Fraud,Medium,44731.0,5,2,10,Medium,Closed,,"incident at human resources site caused loan origination system to become unavailable, engineers dispatched.",7,False,0.17150055886600601
OPR-0094,2024-06-02,Software deployment error caused online banking portal downtime lasting 6 hours.,Business Disruption & System Failures,Low,2470.0,4,1,4,Low,Resolved,,software deployment error caused online banking portal downtime lasting 6 hours.,1,False,0.15757347215431572
OPR-0095,2024-06-05,Trader in Human Resources exceeded authorised limits and concealed losses via mismarked positions.,Internal Fraud,Medium,42064.0,5,2,10,Medium,Resolved,,trader in human resources exceeded authorised limits and concealed losses via mismarked positions.,11,False,0.179905877692077
OPR-0096,2024-06-07,Network connectivity failure at Human Resources data cntre affected 187 branches.,Business Disruption & System Failures,Critical,3615517.0,4,5,20,Critical,Closed,,network connectivity failure at human resources data cntre affected 187 branches.,3,False,0.025761240715971967
OPR-0097,2024-06-08,"Processing error affectedd 448 customer accounts in Retail Banking, complaint escqlated for review.","Execution, Delivery & Process Management",Low,491.0,5,1,5,Low,Closed,,"processing error affectedd 448 customer accounts in retail banking, complaint escqlated for review.",1,False,0.1452630976840344
OPR-0098,2024-06-09,Staff member sustained injury during Corporate Banking office relocation activities.,Employment Practices & Workplace Safety,Medium,38132.0,5,2,10,Medium,Closed,,staff member sustained injury during corporate banking office relocation activities.,5,False,0.19252428745431044
OPR-0099,2024-06-09,manual data entry error in Payments led to incorrect processing of 93 transactions.,"Execution, Delivery & Process Management",Medium,38206.0,5,2,10,Medium,Open,,manual data entry error in payments led to incorrect processing of 93 transactions.,1,False,0.19252428745431044
OPR-0100,2024-06-13,Third-party cloud provider outage disrupted access to internal reporting system platform.,Business Disruption & System Failures,High,423194.0,4,3,12,High,Resolved,,third-party cloud provider outage disrupted access to internal reporting system platform.,7,False,0.174409804512061
OPR-0101,2024-06-14,Network connectivity failure at Human.,Business Disruption & System Failures,Low,3062.0,4,1,4,Low,Under Investigation,,network connectivity failure at human.,3,False,0.15508215919920731
OPR-0102,2024-06-15,"Unauthorised transfer of £665,000 initiated by Retail Banking employee using stolen credentials.",Internal Fraud,Medium,40570.0,5,2,10,Medium,Resolved,,"unauthorised transfer of £665,000 initiated by retail banking employee using stolen credentials.",8,False,0.18911873779738408
OPR-0103,2024-06-16,Flooding at Treasury data centre caused disruption to on-site server infrastructure.,Damage to Physical Assets,Low,4066.0,1,1,1,Low,Escalated,,flooding at treasury data centre caused disruption to on-site server infrastructure.,3,False,0.03100500041165155
OPR-0104,2024-06-18,Card-not-present fraud detected across.,External Fraud,Medium,14274.0,4,2,8,Medium,Under Investigation,,card-not-present fraud detected across.,8,False,0.18308286675550006
OPR-0105,2024-06-21,Unauthorised transfer of £1200 initiated by.,Internal Fraud,High,79533.0,5,3,15,High,Open,,unauthorised transfer of £1200 initiated by.,8,False,0.13276517341801986
OPR-0106,2024-06-22,"System error in payment gateway caused unexpected data exposure affecting IT Operations, cause under investigation.",Cybersecurity Incident,Medium,43459.0,3,2,6,Medium,Closed,,"system error in payment gateway caused unexpected data exposure affecting it operations, cause under investigation.",3,False,0.15698620728355062
OPR-0107,2024-06-27,"Ransomware attack encrypted files on core banking platform, disrupting Compliance operations.",Cybersecurity Incident,High,321895.0,3,3,9,Medium,Escalated,,"ransomware attack encrypted files on core banking platform, disrupting compliance operations.",7,False,0.17219109849670405
OPR-0108,2024-06-28,"core banking platform became unavailable for 45 minutes,.",Cybersecurity Incident,High,485360.0,3,3,9,Medium,Closed,,"core banking platform became unavailable for 45 minutes,.",7,False,0.1065211526900437
OPR-0109,2024-06-28,Processing error affected 211 customer accounts in Payments complaint escalated for review,"Execution, Delivery & Process Management",High,269092.0,5,3,15,High,Closed,,processing error affected 211 customer accounts in payments complaint escalated for review,1,False,0.18707935365892875
OPR-0110,2024-06-30,power outage caused by storm damage disrupted operations at Retail Banking office.,Damage to Physical Assets,Low,262.0,1,1,1,Low,Closed,,power outage caused by storm damage disrupted operations at retail banking office.,5,True,-0.007773886615848324
OPR-0111,2024-07-01,Third-party cloud provider outage disrupted access to core banking platform platform.,Business Disruption & System Failures,High,299852.0,4,3,12,High,Under Investigation,,third-party cloud provider outage disrupted access to core banking platform platform.,7,False,0.16122118499952925
OPR-0112,2024-07-02,"CARD-NOT-PRESENT FRAUD DETECTED ACROSS 148 TRANSACTIONS TOTALLING £824,000.",External Fraud,Low,4883.0,4,1,4,Low,Closed,,"card-not-present fraud detected across 148 transactions totalling £824,000.",8,False,0.1455797967716529
OPR-0113,2024-07-03,Staff member sustained injury during Treasury office relocation activitis.,Employment Practices & Workplace Safety,Medium,16029.0,5,2,10,Medium,Closed,,staff member sustained injury during treasury office relocation activitis.,5,False,0.21357240169990893
OPR-0114,2024-07-04,"online banking portal became unavailable for 45 minutes, root cause not yet determined - possible external interference.",Business Disruption & System Failures,Medium,49447.0,4,2,8,Medium,Under Investigation,,"online banking portal became unavailable for 45 minutes, root cause not yet determined - possible external interference.",7,False,0.1541801774531768
OPR-0115,2024-07-05,Staff member sustained injury during Human Resources office relocation activities.,Employment Practices & Workplace Safety,High,305616.0,5,3,15,High,Under Investigation,,staff member sustained injury during human resources office relocation activities.,5,False,0.18493385084523378
OPR-0116,2024-07-08,Formal complaint raised regarding workplace harassment in Human Resources division.,Employment Practices & Workplace Safety,High,63735.0,5,3,15,High,Closed,,formal complaint raised regarding workplace harassment in human resources division.,6,False,0.12259122302405856
OPR-0117,2024-07-13,"Card-not-present fraud detected across 416 transactions totalling £505,000.",External Fraud,High,485891.0,4,3,12,High,Closed,,"card-not-present fraud detected across 416 transactions totalling £505,000.",8,False,0.10900757626873137
OPR-0118,2024-07-16,Trader in Wealth Management exceeded authorised limits and concealed losses via mismarked positions.,Internal Fraud,High,77319.0,5,3,15,High,Resolved,,trader in wealth management exceeded authorised limits and concealed losses via mismarked positions.,11,False,0.13241405997670985
OPR-0119,2024-07-17,Breach of consumer duty obligations identified in personal loans disclosure documents.,"Clients, Products & Business Practices",High,204233.0,3,3,9,Medium,Resolved,,breach of consumer duty obligations identified in personal loans disclosure documents.,9,False,0.15198337951484153
OPR-0120,2024-07-17,late reporting to regulator caused by breakdown in Compliance reconciliation process.,"Execution, Delivery & Process Management",High,223284.0,5,3,15,High,Closed,,late reporting to regulator caused by breakdown in compliance reconciliation process.,5,False,0.1716560759008946
OPR-0121,2024-07-18,Skimming device found on ATM network resulting in £4000 in fraudulent withdrawals.,External Fraud,Medium,28758.0,4,2,8,Medium,Resolved,,skimming device found on atm network resulting in £4000 in fraudulent withdrawals.,8,False,0.18694622055587673
OPR-0122,2024-07-18,"Suspicious transaction of £2500 flagged in Human Resources, possible insider involvement not yet confirmed.",Internal Fraud,High,312394.0,5,3,15,High,Open,,"suspicious transaction of £2500 flagged in human resources, possible insider involvement not yet confirmed.",3,False,0.18016048275369556
OPR-0123,2024-07-22,Unauthorised access detected on loan origination system following credential stuffing attack..,Cybersecurity Incident,Medium,27192.0,3,2,6,Medium,Under Investigation,,unauthorised access detected on loan origination system following credential stuffing attack..,4,False,0.17703989940364612
OPR-0124,2024-07-26,Incorrect interest rate applied to 41 customer accounts due to configuration error.,"Execution, Delivery & Process Management",High,121361.0,5,3,15,High,Closed,,incorrect interest rate applied to 41 customer accounts due to configuration error.,1,False,0.12965052448581948
OPR-0125,2024-07-30,Distributed denial-of-service attqck disrupted loan origination system availability for 6 hours.,Cybersecurity Incident,Medium,32534.0,3,2,6,Medium,Resolved,,distributed denial-of-service attqck disrupted loan origination system availability for 6 hours.,7,False,0.1720605660132607
OPR-0126,2024-08-01,Employee grievance filed alleging discriminatory practice within Customer Services team.,Employment Practices & Workplace Safety,Low,3873.0,5,1,5,Low,Resolved,,employee grievance filed alleging discriminatory practice within customer services team.,2,False,0.17264423923872063
OPR-0127,2024-08-07,Card-not-present fraud detected across 239 transactions totalling £12000.,External Fraud,High,157890.0,4,3,12,High,Under Investigation,,card-not-present fraud detected across 239 transactions totalling £12000.,8,False,0.16112553279282787
OPR-0128,2024-08-08,Manual data entry error in Treasury led to incorrect processing of 174 transactions.,"Execution, Delivery & Process Management",Low,1224.0,5,1,5,Low,Resolved,,manual data entry error in treasury led to incorrect processing of 174 transactions.,1,False,0.16952515425577575
OPR-0129,2024-08-09,Core banking system outage disrupted payment gateway services for 1 business day.,"Execution, Delivery & Process Management",Critical,3419953.0,5,5,25,Critical,Under Investigation,,core banking system outage disrupted payment gateway services for 1 business day.,7,False,0.00330257814979229
OPR-0130,2024-08-10,Health and safety inspection identified non-compliance in Treasury office premises.,Employment Practices & Workplace Safety,Medium,28287.0,5,2,10,Medium,Open,,health and safety inspection identified non-compliance in treasury office premises.,9,False,0.2097147589281994
OPR-0131,2024-08-12,Third party used stolen identity documents to open 281 fraudulent accounts.,External Fraud,High,65363.0,4,3,12,High,Closed,,third party used stolen identity documents to open 281 fraudulent accounts.,10,False,0.139545422208877
OPR-0132,2024-08-12,Formal complaint raised regarding workplace harassment in Treasury division.,Employment Practices & Workplace Safety,Low,2291.0,5,1,5,Low,Under Investigation,,formal complaint raised regarding workplace harassment in treasury division.,6,False,0.16565784631159347
OPR-0133,2024-08-14,late reporting to rgeulator caused by breakdown in Treasury reconciliation process.,External Fraud,Low,4963.0,4,1,4,Low,Closed,,late reporting to rgeulator caused by breakdown in treasury reconciliation process.,5,False,0.13752278782664767
OPR-0134,2024-08-17,Core banking system outage disrupted trading platform services for 2 hours.,Business Disruption & System Failures,Medium,6572.0,4,2,8,Medium,Under Investigation,,core banking system outage disrupted trading platform services for 2 hours.,7,False,0.1619663450288742
OPR-0135,2024-08-19,Third party used stolen identity documents to open 190 fraudulent accounts.,External Fraud,Medium,49323.0,4,2,8,Medium,Closed,,third party used stolen identity documents to open 190 fraudulent accounts.,10,False,0.1541801774531768
OPR-0136,2024-08-23,Power outage caused by storm damage disrupted operations at Human Resources office.,Damage to Physical Assets,Critical,1146662.0,1,5,5,Low,Resolved,,power outage caused by storm damage disrupted operations at human resources office.,5,True,-0.07470613774844315
OPR-0137,2024-08-25,Breach of consumer duty obligations identified in credit cards disclosure documents.,"Clients, Products & Business Practices",High,201049.0,3,3,9,Medium,Closed,,breach of consumer duty obligations identified in credit cards disclosure documents.,9,False,0.15148243510406895
OPR-0138,2024-08-28,Third-party cloud provider outage disrupted access to mobile banking app platform.,Business Disruption & System Failures,High,239639.0,4,3,12,High,Open,,third-party cloud provider outage disrupted access to mobile banking app platform.,7,False,0.16886317963814645
OPR-0139,2024-08-28,Customer data used for marketing without valid consent under GDPR for 321 clients.,"Clients, Products & Business Practices",Low,3606.0,3,1,3,Low,Resolved,,customer data used for marketing without valid consent under gdpr for 321 clients.,10,False,0.133231796616333
OPR-0140,2024-08-29,"loan origination system became unavailable for 6 hours, root cause not yet determined - possible external interference.",Business Disruption & System Failures,Low,3972.0,4,1,4,Low,Under Investigation,,"loan origination system became unavailable for 6 hours, root cause not yet determined - possible external interference.",7,False,0.1483384591074836
OPR-0141,2024-08-29,Power outage caused by storm damage.,"Execution, Delivery & Process Management",Low,4764.0,5,1,5,Low,Resolved,,power outage caused by storm damage.,5,False,0.1445721935923862
OPR-0142,2024-09-03,"Vandalism reported at ATM located at Human Resources branch, machine offline for repair.",Damage to Physical Assets,Low,135.0,1,1,1,Low,Closed,,"vandalism reported at atm located at human resources branch, machine offline for repair.",7,True,-0.010384106602410403
OPR-0143,2024-09-06,EMPLOYEE GRIEVANCE FILED ALLEGING DISCRIMINATORY PRACTICE WITHIN HUMAN RESOURCES TEAM.,Employment Practices & Workplace Safety,Low,1208.0,5,1,5,Low,Resolved,,employee grievance filed alleging discriminatory practice within human resources team.,2,False,0.16990435736349568
OPR-0144,2024-09-10,Duplicate payment processed due to failure in internal reporting system validation controls.,"Execution, Delivery & Process Management",High,173009.0,5,3,15,High,Resolved,,duplicate payment processed due to failure in internal reporting system validation controls.,8,False,0.15328730418174907
OPR-0145,2024-09-10,"Suspicious transaction of £656,000 flagged in IT Operations, possible insider involvement not yet confirmed.",External Fraud,High,157108.0,4,3,12,High,Open,,"suspicious transaction of £656,000 flagged in it operations, possible insider involvement not yet confirmed.",3,False,0.16047776122310692
OPR-0146,2024-09-12,Network connectivity failure at Risk Management data centre affected 479 branches.,Business Disruption & System Failures,Low,4416.0,4,1,4,Low,Closed,,network connectivity failure at risk management data centre affected 479 branches.,3,False,0.1479465768449481
OPR-0147,2024-09-12,"Processing error affected 462 customer accounts in Customer Services, complaint escalated for review.","Execution, Delivery & Process Management",Low,465.0,5,1,5,Low,Open,,"processing error affected 462 customer accounts in customer services, complaint escalated for review.",1,False,0.14336072571787672
OPR-0148,2024-09-13,Power outage caused by storm damage disrupted operations at Payments office.,Damage to Physical Assets,Low,3652.0,1,1,1,Low,Open,,power outage caused by storm damage disrupted operations at payments office.,5,False,0.026615433870692873
OPR-0149,2024-09-15,Core banking system outage disrupted payment gateway services for 6 hours.,Business Disruption & System Failures,Medium,17735.0,4,2,8,Medium,Open,,core banking system outage disrupted payment gateway services for 6 hours.,7,False,0.1851104326060084
OPR-0150,2024-09-17,Card-not-present fraud detected across 465 transactions totalling £500.,External Fraud,High,113750.0,4,3,12,High,Under Investigation,,card-not-present fraud detected across 465 transactions totalling £500.,8,False,0.16102881454512474
OPR-0151,2024-09-18,Late reporting to regulator caused by.,"Execution, Delivery & Process Management",High,393064.0,5,3,15,High,Resolved,,late reporting to regulator caused by.,5,False,0.16840246588725682
OPR-0152,2024-09-21,Phishing attack resulted in unauthorised.,External Fraud,High,246877.0,4,3,12,High,Closed,,phishing attack resulted in unauthorised.,4,False,0.16629312663232154
OPR-0153,2024-09-26,Employee grievance filed alleging discriminatory practice within Customer Services team.,Employment Practices & Workplace Safety,Critical,2489267.0,5,5,25,Critical,Under Investigation,,employee grievance filed alleging discriminatory practice within customer services team.,2,False,0.023646960187832744
OPR-0154,2024-10-02,Regulatory review identified inadequate suitability assessment for credit cards sales.,"Clients, Products & Business Practices",Medium,46492.0,3,2,6,Medium,Resolved,,regulatory review identified inadequate suitability assessment for credit cards sales.,0,False,0.15083753632305041
OPR-0155,2024-10-02,"Suspicious transaction of £800 flagged in Compliance, possible insider involvement not yet confirmed.",Internal Fraud,Low,890.0,5,1,5,Low,Escalated,,"suspicious transaction of £800 flagged in compliance, possible insider involvement not yet confirmed.",3,False,0.16580091704353928
OPR-0156,2024-10-03,phishing attack resulted in unauthorised access to 398 customer accounts.,External Fraud,Low,4443.0,4,1,4,Low,Resolved,,phishing attack resulted in unauthorised access to 398 customer accounts.,4,False,0.14949163958459116
OPR-0157,2024-10-04,Staff member in Risk Management approved fictitious loan approvals to bypass internal controls.,Internal Fraud,Critical,4887970.0,5,5,25,Critical,Resolved,,staff member in risk management approved fictitious loan approvals to bypass internal controls.,5,True,-0.058066940907145814
OPR-0158,2024-10-05,"Ransomware attack encrypted files on CRM system, disrupting Wealth Management operations.",Cybersecurity Incident,Low,4099.0,3,1,3,Low,Resolved,,"ransomware attack encrypted files on crm system, disrupting wealth management operations.",7,False,0.1232490232085105
OPR-0159,2024-10-07,Phishing attack resulted in unauthorised access to 269 customer accounts.,External Fraud,Medium,12501.0,4,2,8,Medium,Open,,phishing attack resulted in unauthorised access to 269 customer accounts.,4,False,0.17893122818205737
OPR-0160,2024-10-09,Trader in Human Resources exceeded authorised limits and concealed losses via mismarked positions.,Internal Fraud,High,261274.0,5,3,15,High,Open,,trader in human resources exceeded authorised limits and concealed losses via mismarked positions.,11,False,0.18189691115753792
OPR-0161,2024-10-13,Staff member in Wealth Management approved fictitious client onboarding files to bypass internal controls.,Internal Fraud,High,168270.0,5,3,15,High,Under Investigation,,staff member in wealth management approved fictitious client onboarding files to bypass internal controls.,5,False,0.15326653085791203
OPR-0162,2024-10-16,Data breach exposed personal information of 434 customers via CRM system vulnerability.,Cybersecurity Incident,Critical,1223030.0,3,5,15,High,Resolved,,data breach exposed personal information of 434 customers via crm system vulnerability.,10,False,0.012701065418690982
OPR-0163,2024-10-17,Staff member sustained injury during IT Operations office relocation activities.,Employment Practices & Workplace Safety,Low,3743.0,5,1,5,Low,Resolved,,staff member sustained injury during it operations office relocation activities.,5,False,0.17474847235477892
OPR-0164,2024-10-22,Formal complaint raised regarding workplace harasssment in Comlpiance division.,Employment Practices & Workplace Safety,Medium,9234.0,5,2,10,Medium,Closed,,formal complaint raised regarding workplace harasssment in comlpiance division.,6,False,0.18509843829386902
OPR-0165,2024-10-23,"Incident at Customer Services site caused core banking platform to become unavailable, engineers dispatched.",External Fraud,Medium,23969.0,4,2,8,Medium,Resolved,,"incident at customer services site caused core banking platform to become unavailable, engineers dispatched.",7,False,0.18771333243181015
OPR-0166,2024-10-24,"Vandalism reported at ATM located at IT Operations branch, machine offline for repair.",Damage to Physical Assets,Medium,10746.0,1,2,2,Low,Open,,"vandalism reported at atm located at it operations branch, machine offline for repair.",7,False,0.058037236509524526
OPR-0167,2024-10-29,Staff member in Treasury approved fictitious loan approvals to bypass internal controls.,Internal Fraud,Medium,21997.0,5,2,10,Medium,Resolved,,staff member in treasury approved fictitious loan approvals to bypass internal controls.,5,False,0.20838594538817762
OPR-0168,2024-11-03,Phishing attack resulted in unauthorised access to 130 customer accounts.,External Fraud,High,69593.0,4,3,12,High,Closed,,phishing attack resulted in unauthorised access to 130 customer accounts.,4,False,0.13776042566720148
OPR-0169,2024-11-03,Settlement failure ocurred due to mismatched trade instructions in CRM system.,"Execution, Delivery & Process Management",High,276969.0,5,3,15,High,Resolved,,settlement failure ocurred due to mismatched trade instructions in crm system.,8,False,0.18906766185995127
OPR-0170,2024-11-04,Phishing attack resulted in unauthorised access to 51 customer accounts.,External Fraud,High,422326.0,4,3,12,High,Under Investigation,,phishing attack resulted in unauthorised access to 51 customer accounts.,4,False,0.174409804512061
OPR-0171,2024-11-04,Fire suppression system triggered at Payments branch causing equipment damage.,Damage to Physical Assets,Medium,24988.0,1,2,2,Low,Open,,fire suppression system triggered at payments branch causing equipment damage.,5,False,0.08865026613730687
OPR-0172,2024-11-05,Misconfigured cloud storage bucket exposed sensitive Customer Services data publicly.,"Execution, Delivery & Process Management",High,462421.0,5,3,15,High,Under Investigation,,misconfigured cloud storage bucket exposed sensitive customer services data publicly.,3,False,0.10548730619386826
OPR-0173,2024-11-05,Formal complaint raised regarding workplace harassment in Compliance division.,Employment Practices & Workplace Safety,Medium,29047.0,5,2,10,Medium,Closed,,formal complaint raised regarding workplace harassment in compliance division.,6,False,0.20825533853624167
OPR-0174,2024-11-06,Employee an operations officer manipulated payment gateway records to conceal unauthorised fund transfers.,"Execution, Delivery & Process Management",Medium,31254.0,5,2,10,Medium,Open,,employee an operations officer manipulated payment gateway records to conceal unauthorised fund transfers.,7,False,0.2042770275866973
OPR-0175,2024-11-10,Formal complaint raised regarding workplace harassment in Payments division.,Employment Practices & Workplace Safety,Medium,34659.0,5,2,10,Medium,Resolved,,formal complaint raised regarding workplace harassment in payments division.,6,False,0.19789214195880822
OPR-0176,2024-11-12,Regulatory review identified inadequate suitability.,"Clients, Products & Business Practices",High,366318.0,3,3,9,Medium,Under Investigation,,regulatory review identified inadequate suitability.,0,False,0.17031818314198865
OPR-0177,2024-11-13,Unauthorised access detected on loan origination system following credential stuffing attack.,Cybersecurity Incident,Medium,35419.0,3,2,6,Medium,Resolved,,unauthorised access detected on loan origination system following credential stuffing attack.,4,False,0.16924638105258066
OPR-0178,2024-11-18,Phishing attack resulted in unauthorised access to 411 customer accounts.,External Fraud,Medium,12563.0,4,2,8,Medium,Resolved,,phishing attack resulted in unauthorised access to 411 customer accounts.,4,False,0.1792389561847192
OPR-0179,2024-11-20,Database corruption in payment gateway led to tempprary loss of transaction processing.,Business Disruption & System Failures,Medium,47795.0,4,2,8,Medium,Under Investigation,,database corruption in payment gateway led to tempprary loss of transaction processing.,7,False,0.16525801450576472
OPR-0180,2024-11-22,Skimming device found on ATM network resulting in £48000 in fraudulent withdrawals.,External Fraud,Low,89.0,4,1,4,Low,Closed,,skimming device found on atm network resulting in £48000 in fraudulent withdrawals.,8,False,0.11230536519045276
OPR-0181,2024-11-23,Regulatory review identified inadequate suitability assessment for credit cards sales.,"Clients, Products & Business Practices",Medium,18312.0,3,2,6,Medium,Resolved,,regulatory review identified inadequate suitability assessment for credit cards sales.,0,False,0.18212167880625274
OPR-0182,2024-11-24,Manual data entry error in Compliance led to incorrect processing of 193 transactions.,"Execution, Delivery & Process Management",High,191253.0,5,3,15,High,Closed,,manual data entry error in compliance led to incorrect processing of 193 transactions.,1,False,0.15560975854253722
OPR-0183,2024-11-26,Duplicate payment processed due to failure in internal reporting system validation controls.,"Execution, Delivery & Process Management",Medium,19776.0,5,2,10,Medium,Under Investigation,,duplicate payment processed due to failure in internal reporting system validation controls.,8,False,0.20646637872210394
OPR-0184,2024-11-26,Third party used stolen identity documents to open 401 fraudulent accounts.,External Fraud,Low,1044.0,4,1,4,Low,Under Investigation,,third party used stolen identity documents to open 401 fraudulent accounts.,10,False,0.13789879046632236
OPR-0185,2024-11-27,Staff member sustained injury during Risk Management office relocation activities.,Employment Practices & Workplace Safety,Low,3256.0,5,1,5,Low,Resolved,,staff member sustained injury during risk management office relocation activities.,5,False,0.17478637974844596
OPR-0186,2024-11-27,Mis-selling complaint upheld regarding mortgage products sold to retail customers.,"Clients, Products & Business Practices",High,444404.0,3,3,9,Medium,Closed,,mis-selling complaint upheld regarding mortgage products sold to retail customers.,6,False,0.15614549496588692
OPR-0187,2024-11-27,Duplicate payment processed due to failure in payment gateway validation controls.,"Execution, Delivery & Process Management",Low,4823.0,5,1,5,Low,Escalated,,duplicate payment processed due to failure in payment gateway validation controls.,8,False,0.14196213020880472
OPR-0188,2024-11-29,Staff member sustained injury during IT Operations office relcoation activities.,Employment Practices & Workplace Safety,Low,1884.0,5,1,5,Low,Closed,,staff member sustained injury during it operations office relcoation activities.,5,False,0.16504226882644368
OPR-0189,2024-11-30,Incorrect interest rate applied to 157 customer accounts due to configuration error.,"Execution, Delivery & Process Management",High,251059.0,5,3,15,High,Closed,,incorrect interest rate applied to 157 customer accounts due to configuration error.,1,False,0.17780995490827278
OPR-0190,2024-12-02,Staff member in Risk Management approved fictitious credit memos to bypass internal controls.,Internal Fraud,Low,1099.0,5,1,5,Low,Under Investigation,,staff member in risk management approved fictitious credit memos to bypass internal controls.,5,False,0.16926646992716465
OPR-0191,2024-12-02,Power outage caused by storm damage disrupted operations at Wealth Management office.,Damage to Physical Assets,Critical,3002746.0,1,5,5,Low,Resolved,,power outage caused by storm damage disrupted operations at wealth management office.,5,True,-0.08197693772497494
OPR-0192,2024-12-04,Flooding at Risk Management data centre.,Damage to Physical Assets,Low,2571.0,1,1,1,Low,Resolved,,flooding at risk management data centre.,3,False,0.012125175204085958
OPR-0193,2024-12-05,Unauthorised access detected on trading platform following credential stuffing attack.,Cybersecurity Incident,Critical,2791907.0,3,5,15,High,Open,,unauthorised access detected on trading platform following credential stuffing attack.,4,False,0.007692030486871726
OPR-0194,2024-12-15,Incorrect interest rate applied to 405 customer accounts due to configuration error.,"Execution, Delivery & Process Management",Medium,25568.0,5,2,10,Medium,Open,,incorrect interest rate applied to 405 customer accounts due to configuration error.,1,False,0.20784364916517772
OPR-0195,2024-12-20,Database corruption in online banking portal led to temporary loss of transaction processing.,Business Disruption & System Failures,Medium,34207.0,4,2,8,Medium,Under Investigation,,database corruption in online banking portal led to temporary loss of transaction processing.,7,False,0.18566382880774068
OPR-0196,2024-12-21,Card-not-present fraud detected across 54 transactions totalling £48000.,External Fraud,High,383918.0,4,3,12,High,Under Investigation,,card-not-present fraud detected across 54 transactions totalling £48000.,8,False,0.17878746344037078
OPR-0197,2024-12-26,Database corruption in core banking platform led to temporary loss of transaction processing.,Business Disruption & System Failures,High,443887.0,4,3,12,High,Under Investigation,,database corruption in core banking platform led to temporary loss of transaction processing.,7,False,0.1561885551357876
OPR-0198,2024-12-31,Formal complaint raised regarding workplace harassment in Risk Management division.,Employment Practices & Workplace Safety,Medium,37688.0,5,2,10,Medium,Resolved,,formal complaint raised regarding workplace harassment in risk management division.,6,False,0.19027143618799497
OPR-0199,2025-01-01,Employee a junior trader manipulated trading platform records to conceal unauthorised fund transfers.,Internal Fraud,Critical,3069226.0,5,5,25,Critical,Under Investigation,,employee a junior trader manipulated trading platform records to conceal unauthorised fund transfers.,7,False,0.0190172685883101
OPR-0200,2025-01-03,Fire suppression system triggered at Risk Management branch causing equipment damage.,Damage to Physical Assets,Medium,20486.0,1,2,2,Low,Open,,fire suppression system triggered at risk management branch causing equipment damage.,5,False,0.09374045259685249
OPR-0201,2025-01-03,Regulatory review identified inadequate suitability assessment for investment bonds sales.,"Clients, Products & Business Practices",Medium,31099.0,3,2,6,Medium,Resolved,,regulatory review identified inadequate suitability assessment for investment bonds sales.,0,False,0.1733236166339885
OPR-0202,2025-01-04,Distributed denial-of-service attack disrupted mobile banking app availability for 6 hours.,Cybersecurity Incident,High,325776.0,3,3,9,Medium,Under Investigation,,distributed denial-of-service attack disrupted mobile banking app availability for 6 hours.,7,False,0.17373866032180335
OPR-0203,2025-01-05,Late reporting to regulator caused by breakdown in Corporate Banking reconciliation process.,"Execution, Delivery & Process Management",High,383229.0,5,3,15,High,Closed,,late reporting to regulator caused by breakdown in corporate banking reconciliation process.,5,False,0.17506124647700427
OPR-0204,2025-01-05,"Card-not-present fraud detected across 21 transactions totalling £564,000.",External Fraud,Medium,45804.0,4,2,8,Medium,Closed,,"card-not-present fraud detected across 21 transactions totalling £564,000.",8,False,0.1701191517552691
OPR-0205,2025-01-10,Business email compromise led to fraudulent payment of £12000 to external account.,External Fraud,Medium,32059.0,4,2,8,Medium,Resolved,,business email compromise led to fraudulent payment of £12000 to external account.,8,False,0.18723086634302832
OPR-0206,2025-01-12,Database corruption in CRM system led to temporary loss of transaction processing.,Business Disruption & System Failures,Medium,7879.0,4,2,8,Medium,Open,,database corruption in crm system led to temporary loss of transaction processing.,7,False,0.16445037198194157
OPR-0207,2025-01-13,Unauthorised access detected on coer banking platform following credential stuffing attack.,Cybersecurity Incident,Low,1528.0,3,1,3,Low,Resolved,,unauthorised access detected on coer banking platform following credential stuffing attack.,4,False,0.11186342470719646
OPR-0208,2025-01-13,Phishing attack resulted in unauthorised access to 169 customer accounts.,External Fraud,Medium,41268.0,4,2,8,Medium,Under Investigation,,phishing attack resulted in unauthorised access to 169 customer accounts.,4,False,0.17749352008185926
OPR-0209,2025-01-14,Database corruption in core banking platform led to temporary loss of transaction processing.,Business Disruption & System Failures,High,245042.0,4,3,12,High,Resolved,,database corruption in core banking platform led to temporary loss of transaction processing.,7,False,0.16754432763335336
OPR-0210,2025-01-19,Employee grievance filed alleging discriminatory practice within Risk Management team.,Employment Practices & Workplace Safety,Medium,13341.0,5,2,10,Medium,Closed,,employee grievance filed alleging discriminatory practice within risk management team.,2,False,0.2085369192103685
OPR-0211,2025-01-21,Trader in Wealth Manaagement exceeded authorised limits and concealed losses via mismarked positions.,Internal Fraud,Medium,29618.0,5,2,10,Medium,Open,,trader in wealth manaagement exceeded authorised limits and concealed losses via mismarked positions.,11,False,0.2088377385868242
OPR-0212,2025-01-21,Software deployment error caused CRM system downtime lasting 30 minutes.,Business Disruption & System Failures,Low,4613.0,4,1,4,Low,Resolved,,software deployment error caused crm system downtime lasting 30 minutes.,1,False,0.15328624092994314
OPR-0213,2025-01-25,Software deployment error caused core banking platform downtime lasting 45 minutes.,Business Disruption & System Failures,High,295016.0,4,3,12,High,Closed,,software deployment error caused core banking platform downtime lasting 45 minutes.,7,False,0.16307379363273172
OPR-0214,2025-01-26,Fire suppression system triggered at.,Damage to Physical Assets,Medium,45613.0,1,2,2,Low,Resolved,,fire suppression system triggered at.,5,False,0.05134506788386106
OPR-0215,2025-01-28,Health and safety inspection identified non-compliance in Wealth Management office premises.,Employment Practices & Workplace Safety,Low,3958.0,5,1,5,Low,Open,,health and safety inspection identified non-compliance in wealth management office premises.,9,False,0.1713212935895299
OPR-0216,2025-01-28,Misconfigured cloud storage bucket exposed sensitive Corporate Banking data publicly.,Business Disruption & System Failures,High,212145.0,4,3,12,High,Resolved,,misconfigured cloud storage bucket exposed sensitive corporate banking data publicly.,3,False,0.16435818233235716
OPR-0217,2025-01-28,Core banking system outage disrupted CRM system services for 2 hours.,Business Disruption & System Failures,Medium,31061.0,4,2,8,Medium,Closed,,core banking system outage disrupted crm system services for 2 hours.,7,False,0.1886888887960516
OPR-0218,2025-02-02,Staff member in Corporate Banking approved.,Internal Fraud,Medium,18531.0,5,2,10,Medium,Open,,staff member in corporate banking approved.,5,False,0.20882080501414724
OPR-0219,2025-02-08,Phishing attack resulted in unauthorised access to 251 customer accounts.,External Fraud,Medium,44277.0,4,2,8,Medium,Open,,phishing attack resulted in unauthorised access to 251 customer accounts.,4,False,0.17244791220792682
OPR-0220,2025-02-09,Employee falsified expnse claims totalling £90000 over a two-week period.,Internal Fraud,Medium,21294.0,5,2,10,Medium,Under Investigation,,employee falsified expnse claims totalling £90000 over a two-week period.,8,False,0.20728132903660318
OPR-0221,2025-02-11,"Ransomwware attack encrypted files on online banking portal, disrupting Compliance operations.",Cybersecurity Incident,High,425879.0,3,3,9,Medium,Closed,,"ransomwware attack encrypted files on online banking portal, disrupting compliance operations.",7,False,0.15550612892022814
OPR-0222,2025-02-12,Staff member in Compliance approved fictitious loan approvals to bypass internal controls.,Internal Fraud,High,239790.0,5,3,15,High,Under Investigation,,staff member in compliance approved fictitious loan approvals to bypass internal controls.,5,False,0.17590918814372108
OPR-0223,2025-02-15,Staff member sustained injury during.,Employment Practices & Workplace Safety,Low,4562.0,5,1,5,Low,Under Investigation,,staff member sustained injury during.,5,False,0.15065505769819215
OPR-0224,2025-02-16,CUSTOMER DATA USED FOR MARKETING WITHOUT VALID CONSENT UNDER GDPR FOR 301 CLIENTS.,"Clients, Products & Business Practices",Medium,43550.0,3,2,6,Medium,Resolved,,customer data used for marketing without valid consent under gdpr for 301 clients.,10,False,0.15730877796529336
OPR-0225,2025-02-20,Third-party cloud provider outage disrupted access to payment gateway platform.,Business Disruption & System Failures,Low,1785.0,4,1,4,Low,Open,,third-party cloud provider outage disrupted access to payment gateway platform.,7,False,0.146777114489882
OPR-0226,2025-02-20,employee falsified expense claims totalling £2500 over a three-month period.,Internal Fraud,High,283823.0,5,3,15,High,Open,,employee falsified expense claims totalling £2500 over a three-month period.,8,False,0.18979331577452907
OPR-0227,2025-02-20,Health and safety inspection identified non-compliance in Customer Services office premises.,Employment Practices & Workplace Safety,Low,2561.0,5,1,5,Low,Closed,,health and safety inspection identified non-compliance in customer services office premises.,9,False,0.17258184801826787
OPR-0228,2025-02-22,"Vandalism reported at ATM located at Payments branch, machine offline for repair.",External Fraud,Critical,1425566.0,4,5,20,Critical,Open,,"vandalism reported at atm located at payments branch, machine offline for repair.",7,True,-0.0002704095391823369
OPR-0229,2025-02-24,Power outge caused by storm damage disrupted operations at Corporate Banking office.,Damage to Physical Assets,High,149024.0,1,3,3,Low,Resolved,,power outge caused by storm damage disrupted operations at corporate banking office.,5,False,0.051414785325250456
OPR-0230,2025-02-24,Reulatory review identified inadequate suitability assessment for investment bonds sales.,"Clients, Products & Business Practices",Critical,1676949.0,3,5,15,High,Open,,reulatory review identified inadequate suitability assessment for investment bonds sales.,0,False,0.005409349218015169
OPR-0231,2025-02-25,Data breach exposed pesronal information of 378 customers via payment gateway vulnerability.,Cybersecurity Incident,High,449434.0,3,3,9,Medium,Resolved,,data breach exposed pesronal information of 378 customers via payment gateway vulnerability.,10,False,0.15805016009237843
OPR-0232,2025-02-26,EMPLOYEE GRIEVANCE FILED ALLEGING DISCRIMINATORY PRACTICE WITHIN COMPLIANCE TEAM.,Employment Practices & Workplace Safety,High,68786.0,5,3,15,High,Resolved,,employee grievance filed alleging discriminatory practice within compliance team.,2,False,0.1248769302827234
OPR-0233,2025-02-26,Staff member sustained injury during Risk Management office relocation activities.,Employment Practices & Workplace Safety,Medium,46500.0,5,2,10,Medium,Resolved,,staff member sustained injury during risk management office relocation activities.,5,False,0.16152736914308874
OPR-0234,2025-02-28,Health and safety inspection identified non-compliance in IT Operations office premises.,Employment Practices & Workplace Safety,Low,436.0,5,1,5,Low,Resolved,,health and safety inspection identified non-compliance in it operations office premises.,9,False,0.14095115847087664
OPR-0235,2025-03-02,Manual data entry error in Treasury led to incorrect processing of 237 transactions.,"Execution, Delivery & Process Management",High,148206.0,5,3,15,High,Resolved,,manual data entry error in treasury led to incorrect processing of 237 transactions.,1,False,0.1426717313278864
OPR-0236,2025-03-04,Trader in IT Operations exceeded authorised limits and concealed losses via mismarked positions.,Internal Fraud,Medium,26536.0,5,2,10,Medium,Under Investigation,,trader in it operations exceeded authorised limits and concealed losses via mismarked positions.,11,False,0.2093754228199557
OPR-0237,2025-03-06,Manual data entry error in Retail Banking led to incorrect processing of 350 transactions.,"Execution, Delivery & Process Management",High,83748.0,5,3,15,High,Open,,manual data entry error in retail banking led to incorrect processing of 350 transactions.,1,False,0.1325975430016355
OPR-0238,2025-03-10,Settlement failure occurred due to mismatched trade instructions in payment gateway.,"Execution, Delivery & Process Management",Critical,4275257.0,5,5,25,Critical,Resolved,,settlement failure occurred due to mismatched trade instructions in payment gateway.,8,True,-0.033692930178091385
OPR-0239,2025-03-12,Employee grievance filed alleging discriminatory practice within Payments team.,Employment Practices & Workplace Safety,Low,761.0,5,1,5,Low,Open,,employee grievance filed alleging discriminatory practice within payments team.,2,False,0.15937389291637694
OPR-0240,2025-03-15,Employee grievance filed alleging discriminatory practice within Payments team.,Employment Practices & Workplace Safety,Low,3386.0,5,1,5,Low,Closed,,employee grievance filed alleging discriminatory practice within payments team.,2,False,0.1734669438806486
OPR-0241,2025-03-20,Network connectivity failure at Customer Services data centre affected 434 branches.,"Execution, Delivery & Process Management",High,398981.0,5,3,15,High,Under Investigation,,network connectivity failure at customer services data centre affected 434 branches.,3,False,0.16394069050899873
OPR-0242,2025-03-21,"Vandalism reported at ATM located at Human Resources branch, machine offline for repair.","Execution, Delivery & Process Management",Medium,11085.0,5,2,10,Medium,Under Investigation,,"vandalism reported at atm located at human resources branch, machine offline for repair.",7,False,0.19741447702120657
OPR-0243,2025-03-22,Data breach exposed personal information of 163 customers via online banking portal vulnerability.,Cybersecurity Incident,High,136499.0,3,3,9,Medium,Under Investigation,,data breach exposed personal information of 163 customers via online banking portal vulnerability.,10,False,0.14252995464100837
OPR-0244,2025-03-22,Late  reporting  to  regulator  caused  by  breakdown  in  Risk  Management  reconciliation  process.,"Execution, Delivery & Process Management",High,60908.0,5,3,15,High,Under Investigation,,late  reporting  to  regulator  caused  by  breakdown  in  risk  management  reconciliation  process.,5,False,0.12102012978455845
OPR-0245,2025-03-25,Fire duppression system triggered at Treasury branch causing equipment damage.,Damage to Physical Assets,Low,4013.0,1,1,1,Low,Resolved,,fire duppression system triggered at treasury branch causing equipment damage.,5,False,0.03234218432111624
OPR-0246,2025-03-26,Breach of consumer duty obligations identified in mortgage products disclosure documents.,"Clients, Products & Business Practices",Low,3260.0,3,1,3,Low,Closed,,breach of consumer duty obligations identified in mortgage products disclosure documents.,9,False,0.13628275958922598
OPR-0247,2025-03-26,Health and safety inspection identified non-compliance in Risk Management office premises.,Employment Practices & Workplace Safety,Low,3345.0,5,1,5,Low,Under Investigation,,health and safety inspection identified non-compliance in risk management office premises.,9,False,0.17091198517795414
OPR-0248,2025-03-26,Employee grievance filed alleging discriminatory practice within Wealth Management team.,Employment Practices & Workplace Safety,Low,72.0,5,1,5,Low,Resolved,,employee grievance filed alleging discriminatory practice within wealth management team.,2,False,0.12128141634267775
OPR-0249,2025-03-27,Database corruption in core banking platform led to temporary loss of transaction processing.,Business Disruption & System Failures,High,67492.0,4,3,12,High,Resolved,,database corruption in core banking platform led to temporary loss of transaction processing.,7,False,0.139545422208877
OPR-0250,2025-03-28,Employee grievance filed alleging discriminatory practice within IT Operations team.,Damage to Physical Assets,Low,650.0,1,1,1,Low,Resolved,,employee grievance filed alleging discriminatory practice within it operations team.,2,True,-0.0024958221438081685
OPR-0251,2025-03-30,Late reporting to regulator caused by breakdown in Compliance reconciliation process.,"Execution, Delivery & Process Management",Low,2879.0,5,1,5,Low,Resolved,,late reporting to regulator caused by breakdown in compliance reconciliation process.,5,False,0.1755170927903703
OPR-0252,2025-04-02,Distributed denial-of-service attack disrupted payment gateway availability for 45 minutes.,Cybersecurity Incident,Medium,40296.0,3,2,6,Medium,Resolved,,distributed denial-of-service attack disrupted payment gateway availability for 45 minutes.,7,False,0.15990796156992165
OPR-0253,2025-04-06,Customer data used for marketing without valid consent under GDPR for 297 clients.,"Clients, Products & Business Practices",Medium,45593.0,3,2,6,Medium,Open,,customer data used for marketing without valid consent under gdpr for 297 clients.,10,False,0.15544904097458578
OPR-0254,2025-04-08,Duplicate payment processed due to failure in core banking platform validation controls.,"Execution, Delivery & Process Management",Medium,11716.0,5,2,10,Medium,Resolved,,duplicate payment processed due to failure in core banking platform validation controls.,8,False,0.20005378615872121
OPR-0255,2025-04-09,Software deployment error caused core banking platform dowbtime lasting 1 business day.,Business Disruption & System Failures,High,192038.0,4,3,12,High,Under Investigation,,software deployment error caused core banking platform dowbtime lasting 1 business day.,7,False,0.16233107478264708
OPR-0256,2025-04-09,"Processing error affected 465 customer accounts in Compliance, complaint escalated for review.","Clients, Products & Business Practices",High,119176.0,3,3,9,Medium,Resolved,,"processing error affected 465 customer accounts in compliance, complaint escalated for review.",1,False,0.13863182298105348
OPR-0257,2025-04-09,"Vandalism reported at ATM located at Customer Services branch, machine offline for repair.",Damage to Physical Assets,Low,4835.0,1,1,1,Low,Closed,,"vandalism reported at atm located at customer services branch, machine offline for repair.",7,False,0.01874774446352756
OPR-0258,2025-04-10,Settlement faikure occurred due to mismatched trade instructions in online banking portal.,"Execution, Delivery & Process Management",Medium,7508.0,5,2,10,Medium,Resolved,,settlement faikure occurred due to mismatched trade instructions in online banking portal.,8,False,0.16824408155651188
OPR-0259,2025-04-12,Incorrect interest rate applied to 17 customer accounts due to configuration error.,"Execution, Delivery & Process Management",High,380850.0,5,3,15,High,Closed,,incorrect interest rate applied to 17 customer accounts due to configuration error.,1,False,0.17501519066897525
OPR-0260,2025-04-14,Network connectivity failure at Payments data centre affected 234 branches.,Business Disruption & System Failures,Medium,46604.0,4,2,8,Medium,Resolved,,network connectivity failure at payments data centre affected 234 branches.,3,False,0.16922345474001038
OPR-0261,2025-04-19,Misconfigured cloud storage bucket exposed sensitive Wealth Management data publicly.,External Fraud,Critical,766230.0,4,5,20,Critical,Under Investigation,,misconfigured cloud storage bucket exposed sensitive wealth management data publicly.,3,False,0.010017217298297632
OPR-0262,2025-04-20,Unauthorised access detected on online banking portal following credential stuffing attack.,Cybersecurity Incident,High,396478.0,3,3,9,Medium,Closed,,unauthorised access detected on online banking portal following credential stuffing attack.,4,False,0.1662958016376328
OPR-0263,2025-04-21,Trader  in  Human  Resources  exceeded  authorised  limits  and  concealed  losses  via  mismarked  positions.,Internal Fraud,High,286605.0,5,3,15,High,Closed,,trader  in  human  resources  exceeded  authorised  limits  and  concealed  losses  via  mismarked  positions.,11,False,0.19014173780920202
OPR-0264,2025-04-22,Customer data used for marketing without valid consent under GDPR for 91 clients.,"Clients, Products & Business Practices",Medium,24801.0,3,2,6,Medium,Resolved,,customer data used for marketing without valid consent under gdpr for 91 clients.,10,False,0.18353003764314618
OPR-0265,2025-04-23,Network connectivity failure at Corporate Banking data centre affected 151 branches.,Business Disruption & System Failures,Medium,37686.0,4,2,8,Medium,Closed,,network connectivity failure at corporate banking data centre affected 151 branches.,3,False,0.1810991540127715
OPR-0266,2025-04-23,Breach of consumer duty obligations identified in mortgage products disclosure documents.,"Clients, Products & Business Practices",High,276757.0,3,3,9,Medium,Resolved,,breach of consumer duty obligations identified in mortgage products disclosure documents.,9,False,0.16190889590823565
OPR-0267,2025-04-23,Third-party cloud provider outage disrupted access to trading platform platform.,Business Disruption & System Failures,Critical,748005.0,4,5,20,Critical,Under Investigation,,third-party cloud provider outage disrupted access to trading platform platform.,7,False,0.01086088040838129
OPR-0268,2025-04-24,"Suspicious transaction of £897,000 flagged in IT Operations, possbile insider involvement not yet confirmed.",Internal Fraud,High,300303.0,5,3,15,High,Under Investigation,,"suspicious transaction of £897,000 flagged in it operations, possbile insider involvement not yet confirmed.",3,False,0.18939735846735067
OPR-0269,2025-04-26,Employee falsified expense claims totalling £90000 over a three-month period.,Internal Fraud,High,232431.0,5,3,15,High,Resolved,,employee falsified expense claims totalling £90000 over a three-month period.,8,False,0.17239324384219462
OPR-0270,2025-04-29,Business email compromise led to fraudulent payment of £48000 to external account.,Business Disruption & System Failures,High,353112.0,4,3,12,High,Under Investigation,,business email compromise led to fraudulent payment of £48000 to external account.,8,False,0.16968716494440578
OPR-0271,2025-04-29,Core banking system outage disrupted core banking platform services for 1 business day.,Business Disruption & System Failures,Low,4469.0,4,1,4,Low,Closed,,core banking system outage disrupted core banking platform services for 1 business day.,7,False,0.15267632584591073
OPR-0272,2025-04-30,Unauthorised  access  detected  on  loan  origination  system  following  credential  stuffing  attack.,Internal Fraud,Critical,508442.0,5,5,25,Critical,Resolved,,unauthorised  access  detected  on  loan  origination  system  following  credential  stuffing  attack.,4,True,-0.024013584782169195
OPR-0273,2025-05-02,Fire suppression system triggered at Payments branch causing equipment damage.,Damage to Physical Assets,Medium,48144.0,1,2,2,Low,Closed,,fire suppression system triggered at payments branch causing equipment damage.,5,False,0.04374984642446611
OPR-0274,2025-05-02,"Suspicious transaction of £7500 flagged in Customer Services, possible insider involvement not yet confirmed.",External Fraud,Low,4568.0,4,1,4,Low,Open,,"suspicious transaction of £7500 flagged in customer services, possible insider involvement not yet confirmed.",3,False,0.15393616742760396
OPR-0275,2025-05-12,Third party used stolen identity.,External Fraud,Medium,9535.0,4,2,8,Medium,Escalated,,third party used stolen identity.,10,False,0.17063101161187094
OPR-0276,2025-05-15,"Ransomware attack encrypted files on trading platform, disrupting Retail Banking operations.",Cybersecurity Incident,Critical,3506396.0,3,5,15,High,Closed,,"ransomware attack encrypted files on trading platform, disrupting retail banking operations.",7,True,-0.00034638676159826076
OPR-0277,2025-05-16,Mis-selling complaint upheld regarding credit cards sold to retail customers.,"Clients, Products & Business Practices",Medium,46289.0,3,2,6,Medium,Resolved,,mis-selling complaint upheld regarding credit cards sold to retail customers.,6,False,0.15123199920828334
OPR-0278,2025-05-17,Data breach exposed personal information of 246 customers via mobile baking app vulnerability.,Cybersecurity Incident,Critical,854275.0,3,5,15,High,Closed,,data breach exposed personal information of 246 customers via mobile baking app vulnerability.,10,False,0.00811427709779633
OPR-0279,2025-05-17,Breach of consumer duty obligations identified in personal loans disclosure documents.,"Clients, Products & Business Practices",Medium,6438.0,3,2,6,Medium,Resolved,,breach of consumer duty obligations identified in personal loans disclosure documents.,9,False,0.144838339846658
OPR-0280,2025-05-19,Skimming device found on ATM network resulting in £500 in fraudulent withdrawals.,External Fraud,High,380892.0,4,3,12,High,Under Investigation,,skimming device found on atm network resulting in £500 in fraudulent withdrawals.,8,False,0.17642169974794625
OPR-0281,2025-05-20,SKIMMING DEVICE FOUND ON ATM NEYWORK RESULTING IN £25000 IN FRAUDULENT WITHDRAWALS.,External Fraud,Medium,21516.0,4,2,8,Medium,Resolved,,skimming device found on atm neywork resulting in £25000 in fraudulent withdrawals.,8,False,0.18999419364673376
OPR-0282,2025-05-23,Power outage caused by storm damage disrupted operations at Human Resources office.,Damage to Physical Assets,Medium,30797.0,1,2,2,Low,Escalated,,power outage caused by storm damage disrupted operations at human resources office.,5,False,0.07502075505402073
OPR-0283,2025-05-25,Unauthorised access detected on online banking portal following credential stuffing attack.,Cybersecurity Incident,Low,3375.0,3,1,3,Low,Closed,,unauthorised access detected on online banking portal following credential stuffing attack.,4,False,0.13585716668377085
OPR-0284,2025-05-26,HEALTH AND SAFETY INSPECTION IDENTIFIED NON-COMPLIANCE IN TREASURY OFFICE PREMISES.,Employment Practices & Workplace Safety,Low,1190.0,5,1,5,Low,Closed,,health and safety inspection identified non-compliance in treasury office premises.,9,False,0.1703747920448596
OPR-0285,2025-05-27,Unauthorised transfer of £500 initiated by Retail Banking employee using stlen credentials.,Internal Fraud,High,290116.0,5,3,15,High,Resolved,,unauthorised transfer of £500 initiated by retail banking employee using stlen credentials.,8,False,0.19052227958254858
OPR-0286,2025-05-29,Staff member in Corporate Banking approved fictitious loan approvals to bypass internal controls.,External Fraud,Low,2781.0,4,1,4,Low,Under Investigation,,staff member in corporate banking approved fictitious loan approvals to bypass internal controls.,5,False,0.15845865199524511
OPR-0287,2025-05-31,Regulatory review identified inadequate suitability assessment for investment bnods sales.,"Clients, Products & Business Practices",High,496324.0,3,3,9,Medium,Closed,,regulatory review identified inadequate suitability assessment for investment bnods sales.,0,False,0.1002224149321238
OPR-0288,2025-06-04,Breach of consumer duty obligations identified in investment bonds disclosure documents.,"Clients, Products & Business Practices",Medium,31251.0,3,2,6,Medium,Closed,,breach of consumer duty obligations identified in investment bonds disclosure documents.,9,False,0.17369971802532097
OPR-0289,2025-06-04,Power outage caused by storm damage disrupted operations at Risk Management office.,Damage to Physical Assets,Medium,38870.0,1,2,2,Low,Resolved,,power outage caused by storm damage disrupted operations at risk management office.,5,False,0.06399413460980874
OPR-0290,2025-06-05,"Processing error affected 151 customer accounts in Human Resources, complaint escalated for review.","Execution, Delivery & Process Management",Low,3146.0,5,1,5,Low,Resolved,,"processing error affected 151 customer accounts in human resources, complaint escalated for review.",1,False,0.17627776067407624
OPR-0291,2025-06-07,Regulatory review identified inadequate suitability assessment for mortgage products sales.,"Clients, Products & Business Practices",High,341673.0,3,3,9,Medium,Resolved,,regulatory review identified inadequate suitability assessment for mortgage products sales.,0,False,0.17070435571190384
OPR-0292,2025-06-11,"System error in trading platform caused unexpected data exposure affecting Payments, cause under investigation.","Execution, Delivery & Process Management",Medium,13507.0,5,2,10,Medium,Closed,,"system error in trading platform caused unexpected data exposure affecting payments, cause under investigation.",3,False,0.209598822294203
OPR-0293,2025-06-12,Employee grievance filed alleging discriminatory practice within Payments team.,Damage to Physical Assets,High,357758.0,1,3,3,Low,Closed,,employee grievance filed alleging discriminatory practice within payments team.,2,False,0.03892407611020998
OPR-0294,2025-06-12,Health and safety inspection identified non-compliance in Treasury office premises.,Employment Practices & Workplace Safety,High,298394.0,5,3,15,High,Resolved,,health and safety inspection identified non-compliance in treasury office premises.,9,False,0.1890965058262818
OPR-0295,2025-06-13,Unauthoorised access detected on payment gateway following credential stuffing attak.,Cybersecurity Incident,High,447945.0,3,3,9,Medium,Open,,unauthoorised access detected on payment gateway following credential stuffing attak.,4,False,0.15707566471184736
OPR-0296,2025-06-15,Duplicate payment processed due to failure in online banking portal validation controls.,"Execution, Delivery & Process Management",Critical,2354148.0,5,5,25,Critical,Resolved,,duplicate payment processed due to failure in online banking portal validation controls.,8,False,0.014781389778553033
OPR-0297,2025-06-15,Third-party cloud provider outage disrupted access to core banking platform platform.,Business Disruption & System Failures,High,479934.0,4,3,12,High,Closed,,third-party cloud provider outage disrupted access to core banking platform platform.,7,False,0.11708056863363181
OPR-0298,2025-06-18,Late reporting to regulator caused by breakdown in Corporate Banking reconciliation process.,"Execution, Delivery & Process Management",Low,59.0,5,1,5,Low,Resolved,,late reporting to regulator caused by breakdown in corporate banking reconciliation process.,5,False,0.12012618231783545
OPR-0299,2025-06-22,Distributed denial-of-service attack disrupted loan origination system availability for 6 hours.,External Fraud,High,394392.0,4,3,12,High,Under Investigation,,distributed denial-of-service attack disrupted loan origination system availability for 6 hours.,7,False,0.18254295352215194
OPR-0300,2025-06-23,Fire suppression system triggered at Human Resources branch causing equipment damage.,Damage to Physical Assets,High,468918.0,1,3,3,Low,Escalated,,fire suppression system triggered at human resources branch causing equipment damage.,5,True,-0.008179993876437752
OPR-0301,2025-06-26,Trader in Corporate Banking exceeded authorised limits and concealed losses via mismarked positions.,Internal Fraud,Medium,23005.0,5,2,10,Medium,Resolved,,trader in corporate banking exceeded authorised limits and concealed losses via mismarked positions.,11,False,0.21140043485597487
OPR-0302,2025-06-27,Incorrect interest rate applied to 338 customer accounts due to configuration error.,"Execution, Delivery & Process Management",Low,1848.0,5,1,5,Low,Resolved,,incorrect interest rate applied to 338 customer accounts due to configuration error.,1,False,0.16578167968163515
OPR-0303,2025-06-29,"Ransomware attack enccrypted files on CRM system, disrupting Human Resources operations.",Cybersecurity Incident,Critical,2313336.0,3,5,15,High,Resolved,,"ransomware attack enccrypted files on crm system, disrupting human resources operations.",7,False,0.011209542440595022
OPR-0304,2025-06-29,network connectivity failure at Compliance data centre affected 262 branches.,Business Disruption & System Failures,High,235492.0,4,3,12,High,Resolved,,network connectivity failure at compliance data centre affected 262 branches.,3,False,0.1702501927273044
OPR-0305,2025-07-01,REGULATORY REVIEW IDENTIFIED INADEQUATE SUITABILITY ASSESSMENT FOR INVESTMENT BONDS SALES.,"Clients, Products & Business Practices",High,315610.0,3,3,9,Medium,Closed,,regulatory review identified inadequate suitability assessment for investment bonds sales.,0,False,0.16687134984919255
OPR-0306,2025-07-03,Unauthorised transfer of £1200 initiated by.,Internal Fraud,Low,4404.0,5,1,5,Low,Resolved,,unauthorised transfer of £1200 initiated by.,8,False,0.155532581607634
OPR-0307,2025-07-07,Skimming device found on ATM network resulting in £90000 in fraudulent withdrawals.,External Fraud,High,336586.0,4,3,12,High,Open,,skimming device found on atm network resulting in £90000 in fraudulent withdrawals.,8,False,0.16561957049867487
OPR-0308,2025-07-07,Software deployment error caused payment gateway downtime lasting 6 hours.,Employment Practices & Workplace Safety,Critical,2881759.0,5,5,25,Critical,Under Investigation,,software deployment error caused payment gateway downtime lasting 6 hours.,1,False,0.022688797553734874
OPR-0309,2025-07-13,phishing attack resulted in unauthorised.,External Fraud,High,415700.0,4,3,12,High,Closed,,phishing attack resulted in unauthorised.,4,False,0.178373200388727
OPR-0310,2025-07-15,"System error in payment gateway caused unexpected data exposure affecting Treasury, cause under investigation.","Execution, Delivery & Process Management",Low,3652.0,5,1,5,Low,Closed,,"system error in payment gateway caused unexpected data exposure affecting treasury, cause under investigation.",3,False,0.17404136862216207
OPR-0311,2025-07-15,Software deployment error caused core bankign platform downtime lasting 6 hours.,Business Disruption & System Failures,High,133372.0,4,3,12,High,Escalated,,software deployment error caused core bankign platform downtime lasting 6 hours.,1,False,0.16058975029549266
OPR-0312,2025-07-16,Customer data used for marketing without valid consent under GDPR for 125 clients.,"Clients, Products & Business Practices",Low,2330.0,3,1,3,Low,Closed,,customer data used for marketing without valid consent under gdpr for 125 clients.,10,False,0.12410184139935976
OPR-0313,2025-07-21,Sotware deployment error caused CRM dystem downtime lasting 45 minutes.,Business Disruption & System Failures,Low,2452.0,4,1,4,Low,Closed,,sotware deployment error caused crm dystem downtime lasting 45 minutes.,1,False,0.157251080621637
OPR-0314,2025-07-22,Formal complaint raised regarding workplace harassment in Compliance division.,Employment Practices & Workplace Safety,Medium,30204.0,5,2,10,Medium,Closed,,formal complaint raised regarding workplace harassment in compliance division.,6,False,0.21058007733489842
OPR-0315,2025-07-26,Duplicate payment processed due to failure in online banking portal validation controls.,"Execution, Delivery & Process Management",Critical,844981.0,5,5,25,Critical,Resolved,,duplicate payment processed due to failure in online banking portal validation controls.,8,True,-0.0060959250539293075
OPR-0316,2025-07-28,Software deployment error caused payment gateway downtime lasting 45 minutes.,Business Disruption & System Failures,High,54164.0,4,3,12,High,Under Investigation,,software deployment error caused payment gateway downtime lasting 45 minutes.,1,False,0.1346677489449098
OPR-0317,2025-08-02,"Ransomware attack encrypted files on payment gateway, disrupting Compliance operations.",Cybersecurity Incident,High,395783.0,3,3,9,Medium,Closed,,"ransomware attack encrypted files on payment gateway, disrupting compliance operations.",7,False,0.1662958016376328
OPR-0318,2025-08-03,Misconfigured cloud storage bucket exposed sensitive Wealh Management data publicl,Cybersecurity Incident,Critical,4673523.0,3,5,15,High,Open,,misconfigured cloud storage bucket exposed sensitive wealh management data publicl,3,True,-0.045608990707789565
OPR-0319,2025-08-03,Customer data used for marketing without valid consent under GDPR for 303 clients.,"Clients, Products & Business Practices",High,235029.0,3,3,9,Medium,Resolved,,customer data used for marketing without valid consent under gdpr for 303 clients.,10,False,0.15201332898419484
OPR-0320,2025-08-05,"System error in internal reporting system caused unexpected data exposure affecting Retail Banking, cause under investigation.",Cybersecurity Incident,High,90969.0,3,3,9,Medium,Open,,"system error in internal reporting system caused unexpected data exposure affecting retail banking, cause under investigation.",3,False,0.12815745942676926
OPR-0321,2025-08-09,Card-not-present fraud detected across 138 transactions totalling £48000.,External Fraud,Medium,41055.0,4,2,8,Medium,Resolved,,card-not-present fraud detected across 138 transactions totalling £48000.,8,False,0.1768113573399941
OPR-0322,2025-08-10,Staff member sustained injury during Compliance office relocation activities.,Employment Practices & Workplace Safety,High,404744.0,5,3,15,High,Resolved,,staff member sustained injury during compliance office relocation activities.,5,False,0.1588477952655415
OPR-0323,2025-08-11,Third-party cloud provider outage disrupted access to core banking platform platform.,Employment Practices & Workplace Safety,Medium,28242.0,5,2,10,Medium,Closed,,third-party cloud provider outage disrupted access to core banking platform platform.,7,False,0.21019776491369485
OPR-0324,2025-08-14,"Employee falsified expense claims totalling £259,000 over a two-week period.",Internal Fraud,Medium,31263.0,5,2,10,Medium,Resolved,,"employee falsified expense claims totalling £259,000 over a two-week period.",8,False,0.2042770275866973
OPR-0325,2025-08-15,Breach of consumer duty obligations identified in credit cards disclosure documents.,"Clients, Products & Business Practices",Medium,13438.0,3,2,6,Medium,Open,,breach of consumer duty obligations identified in credit cards disclosure documents.,9,False,0.1730979358957761
OPR-0326,2025-08-19,Employee a branch employee manipulated core banking platform records to conceal unauthorised fund transfers.,Internal Fraud,Medium,5532.0,5,2,10,Medium,Resolved,,employee a branch employee manipulated core banking platform records to conceal unauthorised fund transfers.,7,False,0.15201570234156908
OPR-0327,2025-08-25,MIS-SELLING COMPLAINT UPHELD REGARDING CREDIT CARDS SODL TO RETAIL CUTOMERS.,"Clients, Products & Business Practices",Low,3204.0,3,1,3,Low,Under Investigation,,mis-selling complaint upheld regarding credit cards sodl to retail cutomers.,6,False,0.13323192519428984
OPR-0328,2025-08-27,Late reporting to regulator caused by breakdown in Treasury reconciliation process.,"Execution, Delivery & Process Management",High,224060.0,5,3,15,High,Closed,,late reporting to regulator caused by breakdown in treasury reconciliation process.,5,False,0.17217004059403557
OPR-0329,2025-08-27,Business email compromise led to fraudulent payment of £800 to external account.,External Fraud,Critical,1210951.0,4,5,20,Critical,Resolved,,business email compromise led to fraudulent payment of £800 to external account.,8,False,0.005605433796593395
OPR-0330,2025-08-29,Unauthorised transfer of £7500 initiated by Human Resources employee using stolen credentials.,Internal Fraud,Critical,3304332.0,5,5,25,Critical,Closed,,unauthorised transfer of £7500 initiated by human resources employee using stolen credentials.,8,False,0.008091243841972684
OPR-0331,2025-09-02,Duplicate payment processed due to failure in loan origination system validation controls.,"Execution, Delivery & Process Management",Low,4838.0,5,1,5,Low,Open,,duplicate payment processed due to failure in loan origination system validation controls.,8,False,0.14096258142308876
OPR-0332,2025-09-02,NETWORK CONNECTIVITY FAILURE AT CUSTOMER SERVICES DATA CENTRE AFFECTED 91 BRANCHES.,Business Disruption & System Failures,High,454406.0,4,3,12,High,Closed,,network connectivity failure at customer services data centre affected 91 branches.,3,False,0.15190299880841152
OPR-0333,2025-09-03,Trader in Payments exceeded authorised limits and concealed losses via mismarked positions.,Internal Fraud,High,328164.0,5,3,15,High,Under Investigation,,trader in payments exceeded authorised limits and concealed losses via mismarked positions.,11,False,0.1744098647706695
OPR-0334,2025-09-03,"Ransomware attack encrypted files on core banking platform, disrupting Payments operations.","Clients, Products & Business Practices",Medium,20152.0,3,2,6,Medium,Closed,,"ransomware attack encrypted files on core banking platform, disrupting payments operations.",7,False,0.1818249179827225
OPR-0335,2025-09-13,Regulatory review identified inadequate suitability assessment for personal loans sales.,"Clients, Products & Business Practices",Medium,11603.0,3,2,6,Medium,Resolved,,regulatory review identified inadequate suitability assessment for personal loans sales.,0,False,0.1649166265313397
OPR-0336,2025-09-13,Misconfigured clloud storage bucket exposed sensitie Retail Banking data publicly.,Cybersecurity Incident,High,463225.0,3,3,9,Medium,Resolved,,misconfigured clloud storage bucket exposed sensitie retail banking data publicly.,3,False,0.13548451014027174
OPR-0337,2025-09-13,Third-party cloud provider outage disrupted access to CRM system platform.,"Execution, Delivery & Process Management",Medium,43411.0,5,2,10,Medium,Resolved,,third-party cloud provider outage disrupted access to crm system platform.,7,False,0.17082123829691975
OPR-0338,2025-09-14,Empployee grievance filed alleging discriminatory practice within Human Resources team.,Employment Practices & Workplace Safety,Medium,47029.0,5,2,10,Medium,Under Investigation,,empployee grievance filed alleging discriminatory practice within human resources team.,2,False,0.1572453103982815
OPR-0339,2025-09-16,Database  corruption  in  CRM  system  led.,Business Disruption & System Failures,Critical,4091725.0,4,5,20,Critical,Under Investigation,,database  corruption  in  crm  system  led.,7,False,0.0015323207220331314
OPR-0340,2025-09-16,Duplicate payyment processed due to failure in trading platform validation controls.,"Execution, Delivery & Process Management",Critical,1241941.0,5,5,25,Critical,Under Investigation,,duplicate payyment processed due to failure in trading platform validation controls.,8,False,0.011763161613542517
OPR-0341,2025-09-17,Unauthorised access detected on internal reporting sysetm following credential stuffing attack.,Cybersecurity Incident,High,378301.0,3,3,9,Medium,Resolved,,unauthorised access detected on internal reporting sysetm following credential stuffing attack.,4,False,0.16994255026151917
OPR-0342,2025-09-18,Flooding at Copmliance data centre caused disruption to on-site server infrastructure.,Damage to Physical Assets,High,65108.0,1,3,3,Low,Closed,,flooding at copmliance data centre caused disruption to on-site server infrastructure.,3,False,0.04112274925401016
OPR-0343,2025-09-18,Unauthorised access detected on mobile banking app following credential stuffing attack.,Cybersecurity Incident,Low,2257.0,3,1,3,Low,Escalated,,unauthorised access detected on mobile banking app following credential stuffing attack.,4,False,0.12341151658149252
OPR-0344,2025-09-23,Misconfigured cloud storage bucket exposed sensitive Wealth Management data publicly.,Cybersecurity Incident,Medium,21911.0,3,2,6,Medium,Closed,,misconfigured cloud storage bucket exposed sensitive wealth management data publicly.,3,False,0.1840768472755983
OPR-0345,2025-09-24,Core banking system outage disrupted payment gateway services for 2 hours.,Business Disruption & System Failures,Medium,13588.0,4,2,8,Medium,Resolved,,core banking system outage disrupted payment gateway services for 2 hours.,7,False,0.18382509024699512
OPR-0346,2025-09-24,Incorrect itnerest rate applied to 67 customer accounts due to configuration error.,"Execution, Delivery & Process Management",Critical,1802535.0,5,5,25,Critical,Open,,incorrect itnerest rate applied to 67 customer accounts due to configuration error.,1,False,0.005774134537758657
OPR-0347,2025-09-26,Misconfigured cloud storage bucket exposed sensitive Human Resoutces data publicly.,Cybersecurity Incident,Critical,3554084.0,3,5,15,High,Closed,,misconfigured cloud storage bucket exposed sensitive human resoutces data publicly.,3,True,-0.00034638676159826076
OPR-0348,2025-10-04,Software deployment error caused online banking portal downtime lasting 2 hours.,Business Disruption & System Failures,Critical,3151965.0,4,5,20,Critical,Under Investigation,,software deployment error caused online banking portal downtime lasting 2 hours.,1,False,0.011646881065826564
OPR-0349,2025-10-05,Manual data entry error in Customer Services led to incorrect processing of 332 transactions.,"Execution, Delivery & Process Management",Medium,13821.0,5,2,10,Medium,Open,,manual data entry error in customer services led to incorrect processing of 332 transactions.,1,False,0.21232606348942734
OPR-0350,2025-10-06,Software deployment error caused online banking portal downtime lasting 2 hours.,"Clients, Products & Business Practices",High,455579.0,3,3,9,Medium,Under Investigation,,software deployment error caused online banking portal downtime lasting 2 hours.,1,False,0.1456533429437077
OPR-0351,2025-10-07,Late reporting to regulator caused by breakdown in IT Operations reconciliaton pocess.,"Execution, Delivery & Process Management",High,435625.0,5,3,15,High,Resolved,,late reporting to regulator caused by breakdown in it operations reconciliaton pocess.,5,False,0.12914952255513434
OPR-0352,2025-10-08,Staff member sustained injury during Human Resources office relocation activities.,Employment Practices & Workplace Safety,High,352479.0,5,3,15,High,Closed,,staff member sustained injury during human resources office relocation activities.,5,False,0.17007658706985285
OPR-0353,2025-10-10,Incorrect  interest  rate  applied  to  238  customer  accounts  due  to  configuration  error.,"Execution, Delivery & Process Management",Medium,12472.0,5,2,10,Medium,Resolved,,incorrect  interest  rate  applied  to  238  customer  accounts  due  to  configuration  error.,1,False,0.2050039952042465
OPR-0354,2025-10-10,Health and safety inspection identified non-compliance in Payments officce premises.,Employment Practices & Workplace Safety,Medium,23201.0,5,2,10,Medium,Closed,,health and safety inspection identified non-compliance in payments officce premises.,9,False,0.2085116474961703
OPR-0355,2025-10-11,Regulatory review identified inadequate suitability assessment for credit cards sales.,"Clients, Products & Business Practices",Critical,1112825.0,3,5,15,High,Under Investigation,,regulatory review identified inadequate suitability assessment for credit cards sales.,0,False,0.01017413280513002
OPR-0356,2025-10-12,Core banking system outage disrupted internal reporting system services for 2 hours.,Business Disruption & System Failures,High,96510.0,4,3,12,High,Escalated,,core banking system outage disrupted internal reporting system services for 2 hours.,7,False,0.15059067160810452
OPR-0357,2025-10-14,Health and safety inspection identified non-compliance in Customer Services office premises.,Employment Practices & Workplace Safety,Low,2473.0,5,1,5,Low,Resolved,,health and safety inspection identified non-compliance in customer services office premises.,9,False,0.17189095568398094
OPR-0358,2025-10-16,Fire suppression system triggered at Retail Banking branch causing equipment damage.,Damage to Physical Assets,High,127667.0,1,3,3,Low,Closed,,fire suppression system triggered at retail banking branch causing equipment damage.,5,False,0.05327371426655969
OPR-0359,2025-10-17,Flooding at Corporate Banking data centre caused disruption to on-site server infrastructure.,Damage to Physical Assets,Low,4562.0,1,1,1,Low,Under Investigation,,flooding at corporate banking data centre caused disruption to on-site server infrastructure.,3,False,0.022154276801842565
OPR-0360,2025-10-17,"Vandalism reported at ATM located at Human Resources branch, machine offline for repair.",Damage to Physical Assets,Medium,20232.0,1,2,2,Low,Resolved,,"vandalism reported at atm located at human resources branch, machine offline for repair.",7,False,0.09374045259685249
OPR-0361,2025-10-18,Flooding at Treasury data centre caused disruption to on-site server infrastructure.,Damage to Physical Assets,Critical,2720094.0,1,5,5,Low,Resolved,,flooding at treasury data centre caused disruption to on-site server infrastructure.,3,True,-0.08781290501499062
OPR-0362,2025-10-23,"system error in online banking portal caused unexpected data exposure affecting Compliance, cause under investigation.","Execution, Delivery & Process Management",Medium,11449.0,5,2,10,Medium,Open,,"system error in online banking portal caused unexpected data exposure affecting compliance, cause under investigation.",3,False,0.19936945376686854
OPR-0363,2025-10-23,Data breach exposed personal information of 232 customers via payment gateway vulnerability.,Cybersecurity Incident,Low,725.0,3,1,3,Low,Closed,,data breach exposed personal information of 232 customers via payment gateway vulnerability.,10,False,0.10075360472514994
OPR-0364,2025-10-24,Misconfigured cloud storage bucket exposed sensitive Retail Banking data publicly.,Cybersecurity Incident,Medium,26931.0,3,2,6,Medium,Open,,misconfigured cloud storage bucket exposed sensitive retail banking data publicly.,3,False,0.17819725406112796
OPR-0365,2025-10-24,Staff member sustained injury during Payments office relocation activities.,Employment Practices & Workplace Safety,Low,1873.0,5,1,5,Low,Closed,,staff member sustained injury during payments office relocation activities.,5,False,0.16504226882644368
OPR-0366,2025-10-30,Fire suppression system triggered at Treasury branch causing equipment damage.,Damage to Physical Assets,High,166263.0,1,3,3,Low,Under Investigation,,fire suppression system triggered at treasury branch causing equipment damage.,5,False,0.04387465607519103
OPR-0367,2025-11-01,Misconfigured cloud storage bucket exposed sensitive Customer Services data publicly.,Cybersecurity Incident,High,70186.0,3,3,9,Medium,Under Investigation,,misconfigured cloud storage bucket exposed sensitive customer services data publicly.,3,False,0.11659051670138731
OPR-0368,2025-11-02,Employee grievance filed alleging discriminatory practice within Retail Banking team.,Employment Practices & Workplace Safety,Low,4214.0,5,1,5,Low,Closed,,employee grievance filed alleging discriminatory practice within retail banking team.,2,False,0.16222010815074417
OPR-0369,2025-11-03,Regulatory review identified inadequate suitability assessment for mortgage products sales.,"Clients, Products & Business Practices",Low,1776.0,3,1,3,Low,Escalated,,regulatory review identified inadequate suitability assessment for mortgage products sales.,0,False,0.11503264924392997
OPR-0370,2025-11-05,"System error in loan origination system caused unexpected data exposure affecting Risk Management, cause under investigation.","Execution, Delivery & Process Management",High,166259.0,5,3,15,High,Open,,"system error in loan origination system caused unexpected data exposure affecting risk management, cause under investigation.",3,False,0.1519185382548322
OPR-0371,2025-11-06,Employee grievance filed alleging discriminatory practice within IT Operations team.,Employment Practices & Workplace Safety,Low,1704.0,5,1,5,Low,Under Investigation,,employee grievance filed alleging discriminatory practice within it operations team.,2,False,0.1676335977631132
OPR-0372,2025-11-08,Employee a relationship managr manipulated online banking portal records to conceal unauthorised fund transfers.,Internal Fraud,High,306955.0,5,3,15,High,Escalated,,employee a relationship managr manipulated online banking portal records to conceal unauthorised fund transfers.,7,False,0.18272819897887282
OPR-0373,2025-11-09,Unauthorised access detected on mobile banking app following credential stuffing attack.,Cybersecurity Incident,Medium,36350.0,3,2,6,Medium,Resolved,,unauthorised access detected on mobile banking app following credential stuffing attack.,4,False,0.1682272455378318
OPR-0374,2025-11-09,"System error in mobile banking app caused unexpected data exposure affecting Retail Banking, cause under investigation.",Cybersecurity Incident,High,175242.0,3,3,9,Medium,Closed,,"system error in mobile banking app caused unexpected data exposure affecting retail banking, cause under investigation.",3,False,0.15387545143267245
OPR-0375,2025-11-09,Flooding at Human Resources data centre caused disruption to on-site server infrastructure.,Damage to Physical Assets,Critical,3198097.0,1,5,5,Low,Under Investigation,,flooding at human resources data centre caused disruption to on-site server infrastructure.,3,True,-0.08246146062849624
OPR-0376,2025-11-14,Fire suppression system triggered at Corporate Banking branch causing equipment damage.,Damage to Physical Assets,Medium,42911.0,1,2,2,Low,Resolved,,fire suppression system triggered at corporate banking branch causing equipment damage.,5,False,0.05915531956635722
OPR-0377,2025-11-15,Phishing attack resulted in unauthorised access to 159 customer accounts.,External Fraud,Low,150.0,4,1,4,Low,Resolved,,phishing attack resulted in unauthorised access to 159 customer accounts.,4,False,0.11195233551258699
OPR-0378,2025-11-17,"Processing error affected 472 customer accounts in Wealth Management, complaint escalated for review.","Execution, Delivery & Process Management",Critical,4915707.0,5,5,25,Critical,Open,,"processing error affected 472 customer accounts in wealth management, complaint escalated for review.",1,True,-0.06380588763020778
OPR-0379,2025-11-17,Settlement failure occurred due to mismatched trade instructions in mobile banknig app.,"Execution, Delivery & Process Management",High,260608.0,5,3,15,High,Resolved,,settlement failure occurred due to mismatched trade instructions in mobile banknig app.,8,False,0.182462840318719
OPR-0380,2025-11-18,Phishing attack resulted in unauthorised access to 169 customer accounts.,"Execution, Delivery & Process Management",Critical,1257544.0,5,5,25,Critical,Resolved,,phishing attack resulted in unauthorised access to 169 customer accounts.,4,False,0.012604463757322826
OPR-0381,2025-11-21,Formal complaint raised regarding workplace harassment in Customer Services division.,Employment Practices & Workplace Safety,Low,4184.0,5,1,5,Low,Closed,,formal complaint raised regarding workplace harassment in customer services division.,6,False,0.16205513777391128
OPR-0382,2025-11-22,Power outage caused by storm damage disrupted operations at Compliance office.,Damage to Physical Assets,Medium,19005.0,1,2,2,Low,Resolved,,power outage caused by storm damage disrupted operations at compliance office.,5,False,0.08702317440652152
OPR-0383,2025-11-22,Software deployment error caused payment gateway downtime lasting 6 hours.,Business Disruption & System Failures,High,222617.0,4,3,12,High,Under Investigation,,software deployment error caused payment gateway downtime lasting 6 hours.,1,False,0.16712028341173774
OPR-0384,2025-11-26,"Ransomware attack encrypted files on core banking platform, disrupting Human Resources operations.",Cybersecurity Incident,Low,4463.0,3,1,3,Low,Closed,,"ransomware attack encrypted files on core banking platform, disrupting human resources operations.",7,False,0.1135947235811352
OPR-0385,2025-11-27,Fire suppression system triggered at Human Resources branch causing equipment damage.,Damage to Physical Assets,Low,4880.0,1,1,1,Low,Closed,,fire suppression system triggered at human resources branch causing equipment damage.,5,False,0.01624540834289978
OPR-0386,2025-11-28,Core banking system outage disrupted core banking platform services for 1 business day.,Business Disruption & System Failures,Low,4535.0,4,1,4,Low,Closed,,core banking system outage disrupted core banking platform services for 1 business day.,7,False,0.15409087895702872
OPR-0387,2025-12-01,"Processing error affected 258 customer accounts in Human Resources, complaint escalated for review.","Execution, Delivery & Process Management",Medium,23374.0,5,2,10,Medium,Closed,,"processing error affected 258 customer accounts in human resources, complaint escalated for review.",1,False,0.2085116474961703
OPR-0388,2025-12-02,Distributed denial-of-service attack disrupted trading platform availability for 1 business day.,Cybersecurity Incident,Critical,3282663.0,3,5,15,High,Closed,,distributed denial-of-service attack disrupted trading platform availability for 1 business day.,7,True,-0.0021544726912232637
OPR-0389,2025-12-04,Data breach exposed personal information of 129 customers via online banking portal vulnerability.,Cybersecurity Incident,Medium,20391.0,3,2,6,Medium,Open,,data breach exposed personal information of 129 customers via online banking portal vulnerability.,10,False,0.18120550708575967
OPR-0390,2025-12-06,Staff member in Retail Banking approved fictitious credit memos to bypass internal controls.,Internal Fraud,Medium,10139.0,5,2,10,Medium,Resolved,,staff member in retail banking approved fictitious credit memos to bypass internal controls.,5,False,0.19242335904109215
OPR-0391,2025-12-06,"mobile banking app became unavailable for 2 hours, root cause not yet determined - possible external interference.",Business Disruption & System Failures,Low,4954.0,4,1,4,Low,Closed,,"mobile banking app became unavailable for 2 hours, root cause not yet determined - possible external interference.",7,False,0.1400471458945095
OPR-0392,2025-12-10,Trader  in  Risk  Management  exceeded  authorised  limits  and  concealed  losses  via  mismarked  positions.,Internal Fraud,Low,555.0,5,1,5,Low,Resolved,,trader  in  risk  management  exceeded  authorised  limits  and  concealed  losses  via  mismarked  positions.,11,False,0.14782125067831464
OPR-0393,2025-12-10,Distributed deniak-of-service attack disrupted payment gateway availability for 30 minutes.,Cybersecurity Incident,High,449703.0,3,3,9,Medium,Under Investigation,,distributed deniak-of-service attack disrupted payment gateway availability for 30 minutes.,7,False,0.15772809118936626
OPR-0394,2025-12-13,"Unauthorised transfer of £370,000 initiated by Payments employee using stolen credentials.",Internal Fraud,Medium,14376.0,5,2,10,Medium,Resolved,,"unauthorised transfer of £370,000 initiated by payments employee using stolen credentials.",8,False,0.2127711001165799
OPR-0395,2025-12-16,Employee falsified expense claims totalling £7500 over a two-week period.,Internal Fraud,High,382821.0,5,3,15,High,Under Investigation,,employee falsified expense claims totalling £7500 over a two-week period.,8,False,0.17506124647700427
OPR-0396,2025-12-18,Flooding at Retail Banking data centre caused disruption to on-site server infrastructure.,Damage to Physical Assets,Medium,13989.0,1,2,2,Low,Resolved,,flooding at retail banking data centre caused disruption to on-site server infrastructure.,3,False,0.0658672176262255
OPR-0397,2025-12-19,Regulatory review identified inadequate suitability assessment for insurance add-ons sales.,"Clients, Products & Business Practices",High,94276.0,3,3,9,Medium,Resolved,,regulatory review identified inadequate suitability assessment for insurance add-ons sales.,0,False,0.1278151586880465
OPR-0398,2025-12-22,Health and safety inspection identified non-compliance in Corporate Banking office premises.,Employment Practices & Workplace Safety,Medium,9558.0,5,2,10,Medium,Open,,health and safety inspection identified non-compliance in corporate banking office premises.,9,False,0.18601903396729508
OPR-0399,2025-12-25,Mis-selling complaint upheld regarding insurance add-ons sold to retail customers.,"Clients, Products & Business Practices",Low,3930.0,3,1,3,Low,Resolved,,mis-selling complaint upheld regarding insurance add-ons sold to retail customers.,6,False,0.1294552942925804
OPR-0400,2025-12-25,Customer data used for marketing without valid consent under GDPR for 278 clients.,"Clients, Products & Business Practices",High,304510.0,3,3,9,Medium,Resolved,,customer data used for marketing without valid consent under gdpr for 278 clients.,10,False,0.16574880491545896
OPR-0401,2025-12-28,Formal complaint raised regarding workplace harassment in Payments division.,Employment Practices & Workplace Safety,Low,942.0,5,1,5,Low,Open,,formal complaint raised regarding workplace harassment in payments division.,6,False,0.16654875094300914
OPR-0402,2025-12-29,Phishing attack resulted in unauthorised access to 178 customer accounts.,External Fraud,High,391070.0,4,3,12,High,Closed,,phishing attack resulted in unauthorised access to 178 customer accounts.,4,False,0.18228456102213714
OPR-0403,2025-12-31,Employee an operations officer manipulated online banking portal records to conceal unauthorised fund transfers.,Internal Fraud,Medium,9817.0,5,2,10,Medium,Open,,employee an operations officer manipulated online banking portal records to conceal unauthorised fund transfers.,7,False,0.19160149471168558
OPR-0404,2026-01-03,Staff memmber in Human Resources approved fictitious client onboarding files to bypass internal controls.,Internal Fraud,High,203019.0,5,3,15,High,Resolved,,staff memmber in human resources approved fictitious client onboarding files to bypass internal controls.,5,False,0.15889976029307973
OPR-0405,2026-01-03,Fire suppresssion system triggered at Payments branch causing equipment damage.,Damage to Physical Assets,Medium,21772.0,1,2,2,Low,Under Investigation,,fire suppresssion system triggered at payments branch causing equipment damage.,5,False,0.09109992656266219
OPR-0406,2026-01-04,Trader in Treasury exceeded authorised limits and concealed lpsses via mismarked positions.,Internal Fraud,Critical,1485065.0,5,5,25,Critical,Closed,,trader in treasury exceeded authorised limits and concealed lpsses via mismarked positions.,11,False,0.013591919601714908
OPR-0407,2026-01-05,EMPLOYEE FALSIFIED EXPENSE CLAIMS TOTALLING £90000 OVER A TWO-WEEK PERIOD.,Internal Fraud,Medium,17202.0,5,2,10,Medium,Open,,employee falsified expense claims totalling £90000 over a two-week period.,8,False,0.21088218300061673
OPR-0408,2026-01-07,Regulatory review identified inadequate suitability assessment for mortgage products sales.,"Clients, Products & Business Practices",High,336547.0,3,3,9,Medium,Resolved,,regulatory review identified inadequate suitability assessment for mortgage products sales.,0,False,0.17135498667290205
OPR-0409,2026-01-08,Trader in Retail Banking exceeded authorised limits and concealed losses via mismarked positions,Internal Fraud,High,220070.0,5,3,15,High,Closed,,trader in retail banking exceeded authorised limits and concealed losses via mismarked positions,11,False,0.16774779288615643
OPR-0410,2026-01-10,Employee grievance filed alleging discriminatory.,Employment Practices & Workplace Safety,Critical,2507522.0,5,5,25,Critical,Under Investigation,,employee grievance filed alleging discriminatory.,2,False,0.0250191262578614
OPR-0411,2026-01-14,Late reporting to regulator caused by breakdown in Risk Management reconciliation process.,"Execution, Delivery & Process Management",Medium,46075.0,5,2,10,Medium,Open,,late reporting to regulator caused by breakdown in risk management reconciliation process.,5,False,0.16753691709083607
OPR-0412,2026-01-16,DUPLICATE PAYMENT PROCESSED DUE TO FAILURE IN ONLINE BANKING PORTAL VALIDATION CONTROLS.,"Execution, Delivery & Process Management",Low,4188.0,5,1,5,Low,Under Investigation,,duplicate payment processed due to failure in online banking portal validation controls.,8,False,0.16205513777391128
OPR-0413,2026-01-17,Distributed denial-of-service attack disrupted internal reporting system availability for 30 minutes.,Cybersecurity Incident,Critical,4091250.0,3,5,15,High,Closed,,distributed denial-of-service attack disrupted internal reporting system availability for 30 minutes.,7,True,-0.021528759207412707
OPR-0414,2026-01-20,"System error in online banking portal caused unexpected data exposure affecting Wealth Management, cause under investigation.",Cybersecurity Incident,Medium,17892.0,3,2,6,Medium,Resolved,,"system error in online banking portal caused unexpected data exposure affecting wealth management, cause under investigation.",3,False,0.18226696166434497
OPR-0415,2026-01-21,Third party used stolen identity documents to open 377 fraudulent accounts.,External Fraud,High,410971.0,4,3,12,High,Under Investigation,,third party used stolen identity documents to open 377 fraudulent accounts.,10,False,0.17785727985587063
OPR-0416,2026-01-23,"Processing error affected 384 customer accounts in Customer Services, complaint escalated for review.","Execution, Delivery & Process Management",Medium,39357.0,5,2,10,Medium,Under Investigation,,"processing error affected 384 customer accounts in customer services, complaint escalated for review.",1,False,0.18707974203955025
OPR-0417,2026-01-25,Business email compromise led to fraudulent payment of £25000 to external account.,External Fraud,Medium,43018.0,4,2,8,Medium,Closed,,business email compromise led to fraudulent payment of £25000 to external account.,8,False,0.1767389693344687
OPR-0418,2026-01-25,Business email compromise led to fraudulent payment of £48000 to external account.,Cybersecurity Incident,Medium,6185.0,3,2,6,Medium,Resolved,,business email compromise led to fraudulent payment of £48000 to external account.,8,False,0.1439654057129417
OPR-0419,2026-01-27,Trader in Treasury exceeded authorised limits and concealed losses via mismarked positions.,Internal Fraud,High,145779.0,5,3,15,High,Resolved,,trader in treasury exceeded authorised limits and concealed losses via mismarked positions.,11,False,0.14301404046589933
OPR-0420,2026-02-03,"Unauthorised transfer of £244,000 initiated by IT Operations employee using stolen credentials.",Internal Fraud,Medium,39899.0,5,2,10,Medium,Under Investigation,,"unauthorised transfer of £244,000 initiated by it operations employee using stolen credentials.",8,False,0.1880560580959228
OPR-0421,2026-02-05,"business email compromise led to fraudulent payment of £513,000 to external account.",External Fraud,Medium,31081.0,4,2,8,Medium,Resolved,,"business email compromise led to fraudulent payment of £513,000 to external account.",8,False,0.1886888887960516
OPR-0422,2026-02-06,Employee falsified expense claims totalling £25000 over a three-month period.,Internal Fraud,Medium,40351.0,5,2,10,Medium,Open,,employee falsified expense claims totalling £25000 over a three-month period.,8,False,0.18829072163291966
OPR-0423,2026-02-06,"INCIDENT AT RISK MANAGEMENT SITE CAUSED CRM SYSTEM TO BECOME UNAVAILABLE, ENGINEERS DISPATCHED.",Damage to Physical Assets,High,353545.0,1,3,3,Low,Resolved,,"incident at risk management site caused crm system to become unavailable, engineers dispatched.",7,False,0.03900755792136745
OPR-0424,2026-02-06,"Suspicious transaction of £671,000 flagged in Retail Banking, possible insider involvement not yet confirmed.",Internal Fraud,Medium,16975.0,5,2,10,Medium,Closed,,"suspicious transaction of £671,000 flagged in retail banking, possible insider involvement not yet confirmed.",3,False,0.21349054897486425
OPR-0425,2026-02-09,Phishing attack resulted in unauthorised access to 385 customer accounts.,External Fraud,Low,4875.0,4,1,4,Low,Resolved,,phishing attack resulted in unauthorised access to 385 customer accounts.,4,False,0.1468995990008818
OPR-0426,2026-02-09,Data breach exposed personal information of 439 customers via CRM system vulnerability.,Cybersecurity Incident,Medium,31435.0,3,2,6,Medium,Closed,,data breach exposed personal information of 439 customers via crm system vulnerability.,10,False,0.17369971802532097
OPR-0427,2026-02-18,Software deployment error caused payment gateway downtime lasting 30 minutes.,Business Disruption & System Failures,High,234674.0,4,3,12,High,Resolved,,software deployment error caused payment gateway downtime lasting 30 minutes.,1,False,0.16955893288129492
OPR-0428,2026-02-18,Unauthorised access detected on loan origination system following credential stuffing attack.,Cybersecurity Incident,Low,4322.0,3,1,3,Low,Resolved,,unauthorised access detected on loan origination system following credential stuffing attack.,4,False,0.12127524331749906
OPR-0429,2026-02-20,Phishing attack resulted in unauthorised.,External Fraud,Medium,27793.0,4,2,8,Medium,Closed,,phishing attack resulted in unauthorised.,4,False,0.18785795350278695
OPR-0430,2026-02-21,Trader in Payments exceeded authorised limits and concealed losses via mismarked positions.,Internal Fraud,High,268195.0,5,3,15,High,Resolved,,trader in payments exceeded authorised limits and concealed losses via mismarked positions.,11,False,0.18738157061595861
OPR-0431,2026-02-21,Fire suppression system triggered at Payments branch cauisgn equipment damage.,Damage to Physical Assets,High,317981.0,1,3,3,Low,Under Investigation,,fire suppression system triggered at payments branch cauisgn equipment damage.,5,False,0.031981276685905335
OPR-0432,2026-02-23,Incorrect interest rate appled to 300 customer accounts due to configuration error.,Employment Practices & Workplace Safety,Medium,46158.0,5,2,10,Medium,Under Investigation,,incorrect interest rate appled to 300 customer accounts due to configuration error.,1,False,0.16722126896964518
OPR-0433,2026-02-24,Core banking system outage disrupted mobile banking app services for 2 hours.,Business Disruption & System Failures,High,479091.0,4,3,12,High,Resolved,,core banking system outage disrupted mobile banking app services for 2 hours.,7,False,0.11777945452337457
OPR-0434,2026-02-26,Regulatory reveiw identified inadequate suitability assessment for insurance add-ons sales.,"Clients, Products & Business Practices",Medium,8058.0,3,2,6,Medium,Closed,,regulatory reveiw identified inadequate suitability assessment for insurance add-ons sales.,0,False,0.15570397614800663
OPR-0435,2026-02-27,Employee grievance filed alleging discriminatory practice within Human Resources team.,Employment Practices & Workplace Safety,Medium,14512.0,5,2,10,Medium,Resolved,,employee grievance filed alleging discriminatory practice within human resources team.,2,False,0.21570505227899844
OPR-0436,2026-02-28,Employee a junior trader manipulated trading platform records to conceal unauthorised fund transfers.,Internal Fraud,Medium,27844.0,5,2,10,Medium,Resolved,,employee a junior trader manipulated trading platform records to conceal unauthorised fund transfers.,7,False,0.21047421480498285
OPR-0437,2026-03-02,Data breach exposed personal information of 428 customers via internal reporting system vulnerability.,Cybersecurity Incident,Critical,2267664.0,3,5,15,High,Under Investigation,,data breach exposed personal information of 428 customers via internal reporting system vulnerability.,10,False,0.011209542440595022
OPR-0438,2026-03-03,"Vandalism reported at ATM located at IT Operations branch, machine offline for repair.",Damage to Physical Assets,Medium,16049.0,1,2,2,Low,Resolved,,"vandalism reported at atm located at it operations branch, machine offline for repair.",7,False,0.0727092924796986
OPR-0439,2026-03-04,"Ransomware attack encrypted files on online banking portal, disrupting Compliance operations.",Cybersecurity Incident,Medium,14842.0,3,2,6,Medium,Open,,"ransomware attack encrypted files on online banking portal, disrupting compliance operations.",7,False,0.17562485421568197
OPR-0440,2026-03-05,"Suspicious transaction of £793,000 flagged in Retail Banking, possible insider involvement not yet confirmed.",External Fraud,Low,1600.0,4,1,4,Low,Closed,,"suspicious transaction of £793,000 flagged in retail banking, possible insider involvement not yet confirmed.",3,False,0.14542527467054384
OPR-0441,2026-03-07,Health and safety inspection identified non-compliance in Retail Banking office premises.,Employment Practices & Workplace Safety,Medium,30026.0,5,2,10,Medium,Resolved,,health and safety inspection identified non-compliance in retail banking office premises.,9,False,0.21086639940163393
OPR-0442,2026-03-09,Misconfigured cloud storage bucket exposed sensitive Corporate Banking data publicly.,Cybersecurity Incident,High,162364.0,3,3,9,Medium,Closed,,misconfigured cloud storage bucket exposed sensitive corporate banking data publicly.,3,False,0.15133206266328314
OPR-0443,2026-03-09,Unauthorised transfer of £500 initiated by Risk Management employee using stolen credentials.,Internal Fraud,High,260971.0,5,3,15,High,Under Investigation,,unauthorised transfer of £500 initiated by risk management employee using stolen credentials.,8,False,0.182462840318719
OPR-0444,2026-03-09,Breach of consumer duty obligations identified in mortgage products disclosure documents.,"Clients, Products & Business Practices",Critical,1425394.0,3,5,15,High,Closed,,breach of consumer duty obligations identified in mortgage products disclosure documents.,9,False,0.008789207648256303
OPR-0445,2026-03-12,Network connectivity failure at Risk Management data centre affected 275 branches.,Business Disruption & System Failures,Medium,42910.0,4,2,8,Medium,Resolved,,network connectivity failure at risk management data centre affected 275 branches.,3,False,0.1767389693344687
OPR-0446,2026-03-12,Health and safety inspection identified.,Employment Practices & Workplace Safety,Low,1014.0,5,1,5,Low,Closed,,health and safety inspection identified.,9,False,0.1671000325058472
OPR-0447,2026-03-18,Misconfigured cloud storage bucket exposed sensitive Risk Management data publicly.,Cybersecurity Incident,Low,3606.0,3,1,3,Low,Closed,,misconfigured cloud storage bucket exposed sensitive risk management data publicly.,3,False,0.133231796616333
OPR-0448,2026-03-20,Mis-selling complaint upheld regarding investment bonds sold to retail customers.,"Clients, Products & Business Practices",High,356175.0,3,3,9,Medium,Resolved,,mis-selling complaint upheld regarding investment bonds sold to retail customers.,6,False,0.16917167590634008
OPR-0449,2026-03-26,"Vandalism reported at ATM located at Compliance branch, machine offline for repair.",Damage to Physical Assets,High,111827.0,1,3,3,Low,Closed,,"vandalism reported at atm located at compliance branch, machine offline for repair.",7,False,0.047699522024373
OPR-0450,2026-03-29,PHISHING ATTACK RESULTED IN UNAUTHORISED ACCESS TO 171 CUSTOMER ACCOUNTS.,External Fraud,Medium,30233.0,4,2,8,Medium,Resolved,,phishing attack resulted in unauthorised access to 171 customer accounts.,4,False,0.1874912192642479
OPR-0451,2026-03-30,Software deployment error caused mobile banking app downtime lasting 6 hours.,Business Disruption & System Failures,High,437208.0,4,3,12,High,Open,,software deployment error caused mobile banking app downtime lasting 6 hours.,1,False,0.16278332108465726
OPR-0452,2026-03-30,unauthorised access detected on mobile banking app following credential stuffing attack.,Cybersecurity Incident,Medium,49678.0,3,2,6,Medium,Closed,,unauthorised access detected on mobile banking app following credential stuffing attack.,4,False,0.13813790807951348
OPR-0453,2026-04-03,EMPLOYEE GRIEVANCE FILED ALLEGING DISCRIMINATORY PRACTICE WITHNI TREASURY TEAM.,Employment Practices & Workplace Safety,Medium,42756.0,5,2,10,Medium,Open,,employee grievance filed alleging discriminatory practice withni treasury team.,2,False,0.17435265715569287
OPR-0454,2026-04-04,Duplicate payment processed due to failure in internal reporting system validation controls.,"Execution, Delivery & Process Management",Critical,3889823.0,5,5,25,Critical,Resolved,,duplicate payment processed due to failure in internal reporting system validation controls.,8,True,-0.016270989614182274
OPR-0455,2026-04-08,"System error in payment gateway caused unexpected data exposure affecting Human Resources, cause under investigation.",Cybersecurity Incident,Medium,37492.0,3,2,6,Medium,Resolved,,"system error in payment gateway caused unexpected data exposure affecting human resources, cause under investigation.",3,False,0.16370092678071269
OPR-0456,2026-04-09,"Processing error affected 22 customer accounts in Wealth Management, complaint escalated for review.","Clients, Products & Business Practices",High,349712.0,3,3,9,Medium,Resolved,,"processing error affected 22 customer accounts in wealth management, complaint escalated for review.",1,False,0.16843068749884504
OPR-0457,2026-04-09,Staff member sustained injury during.,Employment Practices & Workplace Safety,Medium,21889.0,5,2,10,Medium,Under Investigation,,staff member sustained injury during.,5,False,0.20867375147247202
OPR-0458,2026-04-09,Fire suppression system triggered at Payments branch causing equipment damage.,Damage to Physical Assets,Medium,26832.0,1,2,2,Low,Under Investigation,,fire suppression system triggered at payments branch causing equipment damage.,5,False,0.08453391113720465
OPR-0459,2026-04-11,Core banking system outage disrupted trading platform services for 1 busienss day.,Business Disruption & System Failures,High,415444.0,4,3,12,High,Escalated,,core banking system outage disrupted trading platform services for 1 busienss day.,7,False,0.178373200388727
OPR-0460,2026-04-11,Third-party  cloud  provider  outage  disrupted  access  to  internal  reporting  system  platform.,Business Disruption & System Failures,Critical,3594385.0,4,5,20,Critical,Closed,,third-party  cloud  provider  outage  disrupted  access  to  internal  reporting  system  platform.,7,False,0.024113152237364543
OPR-0461,2026-04-12,"Processing error affected 174 customer accounts in Corporate Banking, complaint escalated for review.","Execution, Delivery & Process Management",High,372185.0,5,3,15,High,Closed,,"processing error affected 174 customer accounts in corporate banking, complaint escalated for review.",1,False,0.16954612615626058
OPR-0462,2026-04-16,Incorrect interest rate applied to 358 customer accounts due to configuration error.,"Execution, Delivery & Process Management",Medium,30751.0,5,2,10,Medium,Resolved,,incorrect interest rate applied to 358 customer accounts due to configuration error.,1,False,0.2100595428126671
OPR-0463,2026-04-16,Software deployment error caused trading platform downtime lasting 2 hours.,Business Disruption & System Failures,Critical,2944602.0,4,5,20,Critical,Resolved,,software deployment error caused trading platform downtime lasting 2 hours.,1,False,0.0017991228519046443
OPR-0464,2026-04-17,Processing error affected 100 customer accounts.,"Execution, Delivery & Process Management",Medium,20301.0,5,2,10,Medium,Under Investigation,,processing error affected 100 customer accounts.,1,False,0.20738467102041158
OPR-0465,2026-04-19,Business email compromise led to fraudulent payment of £800 to external account.,Internal Fraud,Medium,16486.0,5,2,10,Medium,Resolved,,business email compromise led to fraudulent payment of £800 to external account.,8,False,0.21359579102348142
OPR-0466,2026-04-19,Formal complaint raised regarding workplace harassment in Payments division.,Employment Practices & Workplace Safety,Medium,49220.0,5,2,10,Medium,Closed,,formal complaint raised regarding workplace harassment in payments division.,6,False,0.15012375355637242
OPR-0467,2026-04-20,"Ransomware attack encrypted files on core banking platform, disrupting Cimpliance operations.",Business Disruption & System Failures,Medium,11376.0,4,2,8,Medium,Resolved,,"ransomware attack encrypted files on core banking platform, disrupting cimpliance operations.",7,False,0.17456398092129882
OPR-0468,2026-04-20,Network connectivity failure at Retail Banking data centre affected 186 branches.,Business Disruption & System Failures,High,384724.0,4,3,12,High,Resolved,,network connectivity failure at retail banking data centre affected 186 branches.,3,False,0.17878746344037078
OPR-0469,2026-04-22,"BUSINESS EMAIL COMPROMISE LED TO FRAUDULENT PAYMENT OF £940,000 TO EXTERNAL ACCOUNT.",External Fraud,Critical,4624610.0,4,5,20,Critical,Resolved,,"business email compromise led to fraudulent payment of £940,000 to external account.",8,True,-0.004511652642572583
OPR-0470,2026-04-29,Core banking system outage disrupted core banking platform services for 2 hours.,"Clients, Products & Business Practices",High,208664.0,3,3,9,Medium,Under Investigation,,core banking system outage disrupted core banking platform services for 2 hours.,7,False,0.15165720452220877
OPR-0471,2026-05-01,Customer data used for marketing without valid consent under GDPR for 91 clients.,Internal Fraud,High,148784.0,5,3,15,High,Closed,,customer data used for marketing without valid consent under gdpr for 91 clients.,10,False,0.1426717313278864
OPR-0472,2026-05-02,Core  banking  system  outage  disrupted  paynent  gatrway  services  for  6  hours.,Business Disruption & System Failures,Critical,716235.0,4,5,20,Critical,Resolved,,core  banking  system  outage  disrupted  paynent  gatrway  services  for  6  hours.,7,False,0.006631125432614016
OPR-0473,2026-05-05,Employee grievance filed alleging discriminatory practice within IT Operations team.,External Fraud,High,351021.0,4,3,12,High,Resolved,,employee grievance filed alleging discriminatory practice within it operations team.,2,False,0.16717081359509084
OPR-0474,2026-05-10,Trader in Payments exceeded authorised limits and concealed losses via mismarked positions.,Internal Fraud,High,295047.0,5,3,15,High,Closed,,trader in payments exceeded authorised limits and concealed losses via mismarked positions.,11,False,0.18955193532007125
OPR-0475,2026-05-12,Regulatory review identified inadequate suitability assessment for investment bonds sales.,"Clients, Products & Business Practices",High,381458.0,3,3,9,Medium,Under Investigation,,regulatory review identified inadequate suitability assessment for investment bonds sales.,0,False,0.1709772204858963
OPR-0476,2026-05-21,Phishing attack resulted in unauthorised access to 309 customer accounts.,External Fraud,Critical,4763673.0,4,5,20,Critical,Escalated,,phishing attack resulted in unauthorised access to 309 customer accounts.,4,True,-0.018484676023744262
OPR-0477,2026-05-23,Breach of consumer duty obligations identified in investment bonds disclosure documents.,"Clients, Products & Business Practices",Medium,9486.0,3,2,6,Medium,Under Investigation,,breach of consumer duty obligations identified in investment bonds disclosure documents.,9,False,0.16375790317920141
OPR-0478,2026-05-26,"Systtem error in mobile banking app caused unexpected data exposure affecting Retail Banking, cause under investigation.",Cybersecurity Incident,High,313824.0,3,3,9,Medium,Under Investigation,,"systtem error in mobile banking app caused unexpected data exposure affecting retail banking, cause under investigation.",3,False,0.16718723464079877
OPR-0479,2026-05-27,Employee grievance filed alleging discriminatory practice within IT Operations team.,Employment Practices & Workplace Safety,Critical,2816940.0,5,5,25,Critical,Resolved,,employee grievance filed alleging discriminatory practice within it operations team.,2,False,0.022955170565720273
OPR-0480,2026-05-27,Skimming device found on ATM network resulting in £4000 in fraudulent withdrawals.,External Fraud,High,413983.0,4,3,12,High,Open,,skimming device found on atm network resulting in £4000 in fraudulent withdrawals.,8,False,0.17853788168728257
OPR-0481,2026-05-28,Settlement failure occurred due to mismatched trade instructions in payment gateway.,"Execution, Delivery & Process Management",High,390731.0,5,3,15,High,Closed,,settlement failure occurred due to mismatched trade instructions in payment gateway.,8,False,0.16988487219647458
OPR-0482,2026-05-28,Formal complaint raised regarding workplace harassment in Human Resources division.,Employment Practices & Workplace Safety,Low,1665.0,5,1,5,Low,Resolved,,formal complaint raised regarding workplace harassment in human resources division.,6,False,0.16843245877867025
OPR-0483,2026-05-30,Fomral complaint raised regarding workplace harassment in Wealth Management division.,Employment Practices & Workplace Safety,Medium,32676.0,5,2,10,Medium,Resolved,,fomral complaint raised regarding workplace harassment in wealth management division.,6,False,0.20236371517533203
OPR-0484,2026-05-30,Flooding at Corporaate Banking dtaa centre caused disruption to on-site server infrastructure.,Cybersecurity Incident,High,326772.0,3,3,9,Medium,Under Investigation,,flooding at corporaate banking dtaa centre caused disruption to on-site server infrastructure.,3,False,0.17273862781463656
OPR-0485,2026-06-01,Regulatory review identified inadequate suitability assessment for personal loans sales.,"Clients, Products & Business Practices",High,214133.0,3,3,9,Medium,Resolved,,regulatory review identified inadequate suitability assessment for personal loans sales.,0,False,0.1499357770365533
OPR-0486,2026-06-01,Customer data used for marketing without valid consent under GDPR for 48 clients.,"Clients, Products & Business Practices",Critical,2733071.0,3,5,15,High,Under Investigation,,customer data used for marketing without valid consent under gdpr for 48 clients.,10,False,0.0107382986178296
OPR-0487,2026-06-04,Card-not-present fraud detected across 130 transactions totalling £25000.,Internal Fraud,High,260260.0,5,3,15,High,Closed,,card-not-present fraud detected across 130 transactions totalling £25000.,8,False,0.1833854524642008
OPR-0488,2026-06-04,Employee grievance filed alleging discriminatory practice within Human Resources team.,Employment Practices & Workplace Safety,Low,3130.0,5,1,5,Low,Under Investigation,,employee grievance filed alleging discriminatory practice within human resources team.,2,False,0.17627776067407624
OPR-0489,2026-06-09,Staff member sustained injury during Wealth Management office relocation activities.,Employment Practices & Workplace Safety,Medium,26821.0,5,2,10,Medium,Under Investigation,,staff member sustained injury during wealth management office relocation activities.,5,False,0.20872586036691249
OPR-0490,2026-06-11,Software deployment error caused core banking platform downtime lasting 45 minutes.,Business Disruption & System Failures,Low,1533.0,4,1,4,Low,Under Investigation,,software deployment error caused core banking platform downtime lasting 45 minutes.,7,False,0.14475599183955878
OPR-0491,2026-06-13,"Processing error affected 448 customer accounts in Retail Banking, complaint escalated for review.",Employment Practices & Workplace Safety,Low,3698.0,5,1,5,Low,Closed,,"processing error affected 448 customer accounts in retail banking, complaint escalated for review.",1,False,0.17351776185437645
OPR-0492,2026-06-15,Formal complaint raised regarding workplace harassment in IT Operations division.,Employment Practices & Workplace Safety,Critical,1446609.0,5,5,25,Critical,Open,,formal complaint raised regarding workplace harassment in it operations division.,6,False,0.014972598604290233
OPR-0493,2026-06-16,Staff  member  in  Corporate  Banking  approved  fictitious  loan  approvals  to  bypass  internal  controls.,Internal Fraud,Medium,14388.0,5,2,10,Medium,Escalated,,staff  member  in  corporate  banking  approved  fictitious  loan  approvals  to  bypass  internal  controls.,5,False,0.2127711001165799
OPR-0494,2026-06-16,"Employee falsified expense claims totalling £598,000 over a six-month period.",Internal Fraud,High,342682.0,5,3,15,High,Under Investigation,,"employee falsified expense claims totalling £598,000 over a six-month period.",8,False,0.17022403986022988
OPR-0495,2026-06-23,Formal complaint raised regarding wooekplace harassment in Corporate Banking division.,Employment Practices & Workplace Safety,Medium,14768.0,5,2,10,Medium,Resolved,,formal complaint raised regarding wooekplace harassment in corporate banking division.,6,False,0.21585476629603734
OPR-0496,2026-06-24,Customer data used for marketing without valid consent under GDPR for 234 clients.,"Clients, Products & Business Practices",High,290057.0,3,3,9,Medium,Open,,customer data used for marketing without valid consent under gdpr for 234 clients.,10,False,0.16361507432957295
OPR-0497,2026-06-25,Skimming devicce found on STM network resulting in £2500 in fraudulent withdrawals.,External Fraud,Medium,16647.0,4,2,8,Medium,Closed,,skimming devicce found on stm network resulting in £2500 in fraudulent withdrawals.,8,False,0.18530943971481256
OPR-0498,2026-06-26,settlement failure occurred due to mismatched trade instructions in CRM system.,"Execution, Delivery & Process Management",Medium,46066.0,5,2,10,Medium,Open,,settlement failure occurred due to mismatched trade instructions in crm system.,8,False,0.16753691709083607
OPR-0499,2026-06-28,Fire suppression system triggered at Corporate Banking branch causing equipment damage.,Damage to Physical Assets,Medium,34112.0,1,2,2,Low,Closed,,fire suppression system triggered at corporate banking branch causing equipment damage.,5,False,0.07299816323386055
OPR-0500,2026-06-28,"Vandalism reported at ATM located at Compliance branch, machine offline for repair.",Damage to Physical Assets,High,122804.0,1,3,3,Low,Open,,"vandalism reported at atm located at compliance branch, machine offline for repair.",7,False,0.052521298857508225
OPR-0501,2026-09-10,test ,Employment Practices & Workplace Safety,Low,5000.0,5,1,5,Low,Pending Approval,"Employment Practices & Workplace Safety: 14.2%; Internal Fraud: 14.2%; Execution, Delivery & Process Management: 14.0%; Business Disruption & System Failures: 13.0%",test,8,False,0.1212998791394655
OPR-0502,2026-09-14,test ,Employment Practices & Workplace Safety,Low,5000.0,5,1,5,Low,Open,"Employment Practices & Workplace Safety: 14.2%; Internal Fraud: 14.2%; Execution, Delivery & Process Management: 14.0%; Business Disruption & System Failures: 13.0%",test,8,False,0.1212998791394655
OPR-0503,2026-09-14,test,Employment Practices & Workplace Safety,Low,0.0,5,1,5,Low,Open,"Employment Practices & Workplace Safety: 14.2%; Internal Fraud: 14.2%; Execution, Delivery & Process Management: 14.0%; Business Disruption & System Failures: 13.0%",test,8,False,0.11665870943842915
OPR-0504,2026-09-14,test,Employment Practices & Workplace Safety,Medium,5000.0,5,2,10,Medium,Open,"Employment Practices & Workplace Safety: 14.2%; Internal Fraud: 14.2%; Execution, Delivery & Process Management: 14.0%; Business Disruption & System Failures: 13.0%",test,8,False,0.14814022156929696
