Incident_ID,Description,Description_clean,Category,True_Category,Severity,Financial_Impact_GBP,Is_Ambiguous_Case,Is_Label_Noise,Is_Duplicate_Text
OPR-0184,Third party used stolen identity documents to open 401 fraudulent accounts.,third party used stolen identity documents to open 401 fraudulent accounts.,External Fraud,External Fraud,Low,1044,No,No,No
OPR-0363,Data breach exposed personal information of 232 customers via payment gateway vulnerability.,data breach exposed personal information of 232 customers via payment gateway vulnerability.,Cybersecurity Incident,Cybersecurity Incident,Low,725,No,No,No
OPR-0111,Third-party cloud provider outage disrupted access to core banking platform platform.,third-party cloud provider outage disrupted access to core banking platform platform.,Business Disruption & System Failures,Business Disruption & System Failures,High,299852,No,No,No
OPR-0175,Formal complaint raised regarding workplace harassment in Payments division.,formal complaint raised regarding workplace harassment in payments division.,Employment Practices & Workplace Safety,Employment Practices & Workplace Safety,Medium,34659,No,No,No
OPR-0097,"Processing error affectedd 448 customer accounts in Retail Banking, complaint escqlated for review.","processing error affectedd 448 customer accounts in retail banking, complaint escqlated for review.","Execution, Delivery & Process Management","Execution, Delivery & Process Management",Low,491,Yes,No,No
OPR-0217,Core banking system outage disrupted CRM system services for 2 hours.,core banking system outage disrupted crm system services for 2 hours.,Business Disruption & System Failures,Business Disruption & System Failures,Medium,31061,No,No,No
OPR-0439,"Ransomware attack encrypted files on online banking portal, disrupting Compliance operations.","ransomware attack encrypted files on online banking portal, disrupting compliance operations.",Cybersecurity Incident,Cybersecurity Incident,Medium,14842,No,No,No
OPR-0098,Staff member sustained injury during Corporate Banking office relocation activities.,staff member sustained injury during corporate banking office relocation activities.,Employment Practices & Workplace Safety,Employment Practices & Workplace Safety,Medium,38132,No,No,No
OPR-0110,power outage caused by storm damage disrupted operations at Retail Banking office.,power outage caused by storm damage disrupted operations at retail banking office.,Damage to Physical Assets,Damage to Physical Assets,Low,262,No,No,No
OPR-0173,Formal complaint raised regarding workplace harassment in Compliance division.,formal complaint raised regarding workplace harassment in compliance division.,Employment Practices & Workplace Safety,Employment Practices & Workplace Safety,Medium,29047,No,No,No
OPR-0140,"loan origination system became unavailable for 6 hours, root cause not yet determined - possible external interference.","loan origination system became unavailable for 6 hours, root cause not yet determined - possible external interference.",Business Disruption & System Failures,Business Disruption & System Failures,Low,3972,Yes,No,No
OPR-0370,"System error in loan origination system caused unexpected data exposure affecting Risk Management, cause under investigation.","system error in loan origination system caused unexpected data exposure affecting risk management, cause under investigation.","Execution, Delivery & Process Management","Execution, Delivery & Process Management",High,166259,Yes,No,No
OPR-0302,Incorrect interest rate applied to 338 customer accounts due to configuration error.,incorrect interest rate applied to 338 customer accounts due to configuration error.,"Execution, Delivery & Process Management","Execution, Delivery & Process Management",Low,1848,No,No,No
OPR-0452,unauthorised access detected on mobile banking app following credential stuffing attack.,unauthorised access detected on mobile banking app following credential stuffing attack.,Cybersecurity Incident,Cybersecurity Incident,Medium,49678,No,No,No
OPR-0196,Card-not-present fraud detected across 54 transactions totalling £48000.,card-not-present fraud detected across 54 transactions totalling £48000.,External Fraud,External Fraud,High,383918,No,No,No
OPR-0346,Incorrect itnerest rate applied to 67 customer accounts due to configuration error.,incorrect itnerest rate applied to 67 customer accounts due to configuration error.,"Execution, Delivery & Process Management","Execution, Delivery & Process Management",Critical,1802535,No,No,No
OPR-0292,"System error in trading platform caused unexpected data exposure affecting Payments, cause under investigation.","system error in trading platform caused unexpected data exposure affecting payments, cause under investigation.","Execution, Delivery & Process Management","Execution, Delivery & Process Management",Medium,13507,Yes,No,No
OPR-0450,PHISHING ATTACK RESULTED IN UNAUTHORISED ACCESS TO 171 CUSTOMER ACCOUNTS.,phishing attack resulted in unauthorised access to 171 customer accounts.,External Fraud,External Fraud,Medium,30233,No,No,No
OPR-0127,Card-not-present fraud detected across 239 transactions totalling £12000.,card-not-present fraud detected across 239 transactions totalling £12000.,External Fraud,External Fraud,High,157890,No,No,No
OPR-0234,Health and safety inspection identified non-compliance in IT Operations office premises.,health and safety inspection identified non-compliance in it operations office premises.,Employment Practices & Workplace Safety,Employment Practices & Workplace Safety,Low,436,No,No,No
OPR-0133,late reporting to rgeulator caused by breakdown in Treasury reconciliation process.,late reporting to rgeulator caused by breakdown in treasury reconciliation process.,External Fraud,External Fraud,Low,4963,No,No,Yes
OPR-0389,Data breach exposed personal information of 129 customers via online banking portal vulnerability.,data breach exposed personal information of 129 customers via online banking portal vulnerability.,Cybersecurity Incident,Cybersecurity Incident,Medium,20391,No,No,No
OPR-0377,Phishing attack resulted in unauthorised access to 159 customer accounts.,phishing attack resulted in unauthorised access to 159 customer accounts.,External Fraud,External Fraud,Low,150,No,No,No
OPR-0305,REGULATORY REVIEW IDENTIFIED INADEQUATE SUITABILITY ASSESSMENT FOR INVESTMENT BONDS SALES.,regulatory review identified inadequate suitability assessment for investment bonds sales.,"Clients, Products & Business Practices","Clients, Products & Business Practices",High,315610,No,No,No
OPR-0246,Breach of consumer duty obligations identified in mortgage products disclosure documents.,breach of consumer duty obligations identified in mortgage products disclosure documents.,"Clients, Products & Business Practices","Clients, Products & Business Practices",Low,3260,No,No,No
OPR-0216,Misconfigured cloud storage bucket exposed sensitive Corporate Banking data publicly.,misconfigured cloud storage bucket exposed sensitive corporate banking data publicly.,Business Disruption & System Failures,Cybersecurity Incident,High,212145,No,Yes,No
OPR-0338,Empployee grievance filed alleging discriminatory practice within Human Resources team.,empployee grievance filed alleging discriminatory practice within human resources team.,Employment Practices & Workplace Safety,Employment Practices & Workplace Safety,Medium,47029,No,No,No
OPR-0220,Employee falsified expnse claims totalling £90000 over a two-week period.,employee falsified expnse claims totalling £90000 over a two-week period.,Internal Fraud,Internal Fraud,Medium,21294,No,No,No
OPR-0463,Software deployment error caused trading platform downtime lasting 2 hours.,software deployment error caused trading platform downtime lasting 2 hours.,Business Disruption & System Failures,Business Disruption & System Failures,Critical,2944602,No,No,No
OPR-0345,Core banking system outage disrupted payment gateway services for 2 hours.,core banking system outage disrupted payment gateway services for 2 hours.,Business Disruption & System Failures,Business Disruption & System Failures,Medium,13588,No,No,No
OPR-0278,Data breach exposed personal information of 246 customers via mobile baking app vulnerability.,data breach exposed personal information of 246 customers via mobile baking app vulnerability.,Cybersecurity Incident,Cybersecurity Incident,Critical,854275,No,No,No
OPR-0027,Distributed denial-of-service attack disrupted payment gateway availability for 1 business day.,distributed denial-of-service attack disrupted payment gateway availability for 1 business day.,Cybersecurity Incident,Cybersecurity Incident,Medium,18807,No,No,No
OPR-0130,Health and safety inspection identified non-compliance in Treasury office premises.,health and safety inspection identified non-compliance in treasury office premises.,Employment Practices & Workplace Safety,Employment Practices & Workplace Safety,Medium,28287,No,No,No
OPR-0446,Health and safety inspection identified.,health and safety inspection identified.,Employment Practices & Workplace Safety,Employment Practices & Workplace Safety,Low,1014,No,No,No
OPR-0003,"Ransomware  attack  encrypted  files  on  payment  gateway,  disrupting  Corporate  Banking  operations.","ransomware  attack  encrypted  files  on  payment  gateway,  disrupting  corporate  banking  operations.",Cybersecurity Incident,Cybersecurity Incident,Medium,22261,No,No,No
OPR-0481,Settlement failure occurred due to mismatched trade instructions in payment gateway.,settlement failure occurred due to mismatched trade instructions in payment gateway.,"Execution, Delivery & Process Management","Execution, Delivery & Process Management",High,390731,No,No,No
OPR-0249,Database corruption in core banking platform led to temporary loss of transaction processing.,database corruption in core banking platform led to temporary loss of transaction processing.,Business Disruption & System Failures,Business Disruption & System Failures,High,67492,No,No,No
OPR-0120,late reporting to regulator caused by breakdown in Compliance reconciliation process.,late reporting to regulator caused by breakdown in compliance reconciliation process.,"Execution, Delivery & Process Management","Execution, Delivery & Process Management",High,223284,No,No,No
OPR-0185,Staff member sustained injury during Risk Management office relocation activities.,staff member sustained injury during risk management office relocation activities.,Employment Practices & Workplace Safety,Employment Practices & Workplace Safety,Low,3256,No,No,No
OPR-0040,Formal complaint raised regarding workplace.,formal complaint raised regarding workplace.,Employment Practices & Workplace Safety,Employment Practices & Workplace Safety,Critical,684856,No,No,No
OPR-0045,Customer data used for maketing without valid consent under GDPR for 128 clients.,customer data used for maketing without valid consent under gdpr for 128 clients.,Internal Fraud,"Clients, Products & Business Practices",High,460539,No,Yes,No
OPR-0118,Trader in Wealth Management exceeded authorised limits and concealed losses via mismarked positions.,trader in wealth management exceeded authorised limits and concealed losses via mismarked positions.,Internal Fraud,Internal Fraud,High,77319,No,No,No
OPR-0263,Trader  in  Human  Resources  exceeded  authorised  limits  and  concealed  losses  via  mismarked  positions.,trader  in  human  resources  exceeded  authorised  limits  and  concealed  losses  via  mismarked  positions.,Internal Fraud,Internal Fraud,High,286605,No,No,No
OPR-0154,Regulatory review identified inadequate suitability assessment for credit cards sales.,regulatory review identified inadequate suitability assessment for credit cards sales.,"Clients, Products & Business Practices","Clients, Products & Business Practices",Medium,46492,No,No,No
OPR-0231,Data breach exposed pesronal information of 378 customers via payment gateway vulnerability.,data breach exposed pesronal information of 378 customers via payment gateway vulnerability.,Cybersecurity Incident,Cybersecurity Incident,High,449434,No,No,No
OPR-0226,employee falsified expense claims totalling £2500 over a three-month period.,employee falsified expense claims totalling £2500 over a three-month period.,Internal Fraud,Internal Fraud,High,283823,No,No,Yes
OPR-0403,Employee an operations officer manipulated online banking portal records to conceal unauthorised fund transfers.,employee an operations officer manipulated online banking portal records to conceal unauthorised fund transfers.,Internal Fraud,Internal Fraud,Medium,9817,No,No,No
OPR-0013,Third party used stolen identity documents to open 128 fraudulent accounts.,third party used stolen identity documents to open 128 fraudulent accounts.,External Fraud,External Fraud,Low,3958,No,No,No
OPR-0077,Customer data used for marketing without valid consent under GDPR for 373 clients.,customer data used for marketing without valid consent under gdpr for 373 clients.,"Clients, Products & Business Practices","Clients, Products & Business Practices",High,384427,No,No,No
OPR-0311,Software deployment error caused core bankign platform downtime lasting 6 hours.,software deployment error caused core bankign platform downtime lasting 6 hours.,Business Disruption & System Failures,Business Disruption & System Failures,High,133372,No,No,No
OPR-0186,Mis-selling complaint upheld regarding mortgage products sold to retail customers.,mis-selling complaint upheld regarding mortgage products sold to retail customers.,"Clients, Products & Business Practices","Clients, Products & Business Practices",High,444404,No,No,No
OPR-0272,Unauthorised  access  detected  on  loan  origination  system  following  credential  stuffing  attack.,unauthorised  access  detected  on  loan  origination  system  following  credential  stuffing  attack.,Internal Fraud,Internal Fraud,Critical,508442,No,No,Yes
OPR-0387,"Processing error affected 258 customer accounts in Human Resources, complaint escalated for review.","processing error affected 258 customer accounts in human resources, complaint escalated for review.","Execution, Delivery & Process Management","Execution, Delivery & Process Management",Medium,23374,Yes,No,No
OPR-0188,Staff member sustained injury during IT Operations office relcoation activities.,staff member sustained injury during it operations office relcoation activities.,Employment Practices & Workplace Safety,Employment Practices & Workplace Safety,Low,1884,No,No,No
OPR-0435,Employee grievance filed alleging discriminatory practice within Human Resources team.,employee grievance filed alleging discriminatory practice within human resources team.,Employment Practices & Workplace Safety,Employment Practices & Workplace Safety,Medium,14512,No,No,No
OPR-0042,"Vandalism reported at ATM located at Payments branch, machine offline for repair.","vandalism reported at atm located at payments branch, machine offline for repair.",Damage to Physical Assets,Damage to Physical Assets,High,363991,No,No,No
OPR-0295,Unauthoorised access detected on payment gateway following credential stuffing attak.,unauthoorised access detected on payment gateway following credential stuffing attak.,Cybersecurity Incident,Cybersecurity Incident,High,447945,No,No,No
OPR-0122,"Suspicious transaction of £2500 flagged in Human Resources, possible insider involvement not yet confirmed.","suspicious transaction of £2500 flagged in human resources, possible insider involvement not yet confirmed.",Internal Fraud,Internal Fraud,High,312394,Yes,No,No
OPR-0485,Regulatory review identified inadequate suitability assessment for personal loans sales.,regulatory review identified inadequate suitability assessment for personal loans sales.,"Clients, Products & Business Practices","Clients, Products & Business Practices",High,214133,No,No,No
OPR-0329,Business email compromise led to fraudulent payment of £800 to external account.,business email compromise led to fraudulent payment of £800 to external account.,External Fraud,External Fraud,Critical,1210951,No,No,No
OPR-0202,Distributed denial-of-service attack disrupted mobile banking app availability for 6 hours.,distributed denial-of-service attack disrupted mobile banking app availability for 6 hours.,Cybersecurity Incident,Cybersecurity Incident,High,325776,No,No,No
OPR-0049,Settlement  failure  occurred  due  to  mismatched  trade  instructions  in  mobile  banking  app.,settlement  failure  occurred  due  to  mismatched  trade  instructions  in  mobile  banking  app.,"Execution, Delivery & Process Management","Execution, Delivery & Process Management",Low,4670,No,No,No
OPR-0472,Core  banking  system  outage  disrupted  paynent  gatrway  services  for  6  hours.,core  banking  system  outage  disrupted  paynent  gatrway  services  for  6  hours.,Business Disruption & System Failures,Business Disruption & System Failures,Critical,716235,No,No,No
OPR-0476,Phishing attack resulted in unauthorised access to 309 customer accounts.,phishing attack resulted in unauthorised access to 309 customer accounts.,External Fraud,External Fraud,Critical,4763673,No,No,No
OPR-0039,Third party used stolen identity documents to open 286 frudulent accounts.,third party used stolen identity documents to open 286 frudulent accounts.,External Fraud,External Fraud,High,465623,No,No,No
OPR-0426,Data breach exposed personal information of 439 customers via CRM system vulnerability.,data breach exposed personal information of 439 customers via crm system vulnerability.,Cybersecurity Incident,Cybersecurity Incident,Medium,31435,No,No,No
OPR-0043,late reeporting to regulator caused by.,late reeporting to regulator caused by.,Business Disruption & System Failures,Business Disruption & System Failures,High,233738,No,No,Yes
OPR-0337,Third-party cloud provider outage disrupted access to CRM system platform.,third-party cloud provider outage disrupted access to crm system platform.,"Execution, Delivery & Process Management",Business Disruption & System Failures,Medium,43411,No,Yes,No
OPR-0464,Processing error affected 100 customer accounts.,processing error affected 100 customer accounts.,"Execution, Delivery & Process Management","Execution, Delivery & Process Management",Medium,20301,Yes,No,No
OPR-0099,manual data entry error in Payments led to incorrect processing of 93 transactions.,manual data entry error in payments led to incorrect processing of 93 transactions.,"Execution, Delivery & Process Management","Execution, Delivery & Process Management",Medium,38206,No,No,No
OPR-0336,Misconfigured clloud storage bucket exposed sensitie Retail Banking data publicly.,misconfigured clloud storage bucket exposed sensitie retail banking data publicly.,Cybersecurity Incident,Cybersecurity Incident,High,463225,No,No,No
OPR-0259,Incorrect interest rate applied to 17 customer accounts due to configuration error.,incorrect interest rate applied to 17 customer accounts due to configuration error.,"Execution, Delivery & Process Management","Execution, Delivery & Process Management",High,380850,No,No,No
OPR-0382,Power outage caused by storm damage disrupted operations at Compliance office.,power outage caused by storm damage disrupted operations at compliance office.,Damage to Physical Assets,Damage to Physical Assets,Medium,19005,No,No,No
OPR-0009,Health and safety inspection identified non-compliance in Human Resources office premises.,health and safety inspection identified non-compliance in human resources office premises.,External Fraud,"Clients, Products & Business Practices",High,465058,No,Yes,Yes
OPR-0399,Mis-selling complaint upheld regarding insurance add-ons sold to retail customers.,mis-selling complaint upheld regarding insurance add-ons sold to retail customers.,"Clients, Products & Business Practices","Clients, Products & Business Practices",Low,3930,No,No,No
OPR-0079,"Suspicious transaction of £827,000 flagged in Corporate Banking, possible insider involvement not yet confirmed.","suspicious transaction of £827,000 flagged in corporate banking, possible insider involvement not yet confirmed.",External Fraud,External Fraud,Medium,21977,Yes,No,No
OPR-0024,Employee flasified expense claims totalling..,employee flasified expense claims totalling..,Internal Fraud,Internal Fraud,High,374734,No,No,No
OPR-0384,"Ransomware attack encrypted files on core banking platform, disrupting Human Resources operations.","ransomware attack encrypted files on core banking platform, disrupting human resources operations.",Cybersecurity Incident,Cybersecurity Incident,Low,4463,No,No,No
OPR-0239,Employee grievance filed alleging discriminatory practice within Payments team.,employee grievance filed alleging discriminatory practice within payments team.,Employment Practices & Workplace Safety,Employment Practices & Workplace Safety,Low,761,No,No,No
OPR-0248,Employee grievance filed alleging discriminatory practice within Wealth Management team.,employee grievance filed alleging discriminatory practice within wealth management team.,Employment Practices & Workplace Safety,Employment Practices & Workplace Safety,Low,72,No,No,No
OPR-0469,"BUSINESS EMAIL COMPROMISE LED TO FRAUDULENT PAYMENT OF £940,000 TO EXTERNAL ACCOUNT.","business email compromise led to fraudulent payment of £940,000 to external account.",External Fraud,External Fraud,Critical,4624610,No,No,No
OPR-0307,Skimming device found on ATM network resulting in £90000 in fraudulent withdrawals.,skimming device found on atm network resulting in £90000 in fraudulent withdrawals.,External Fraud,External Fraud,High,336586,No,No,No
OPR-0199,Employee a junior trader manipulated trading platform records to conceal unauthorised fund transfers.,employee a junior trader manipulated trading platform records to conceal unauthorised fund transfers.,Internal Fraud,Internal Fraud,Critical,3069226,No,No,No
OPR-0034,"Card-not-present fraud detected across 408 transactions totalling £528,000.","card-not-present fraud detected across 408 transactions totalling £528,000.",Employment Practices & Workplace Safety,External Fraud,Medium,28617,No,Yes,No
OPR-0191,Power outage caused by storm damage disrupted operations at Wealth Management office.,power outage caused by storm damage disrupted operations at wealth management office.,Damage to Physical Assets,Damage to Physical Assets,Critical,3002746,No,No,No
OPR-0142,"Vandalism reported at ATM located at Human Resources branch, machine offline for repair.","vandalism reported at atm located at human resources branch, machine offline for repair.",Damage to Physical Assets,Damage to Physical Assets,Low,135,No,No,No
OPR-0301,Trader in Corporate Banking exceeded authorised limits and concealed losses via mismarked positions.,trader in corporate banking exceeded authorised limits and concealed losses via mismarked positions.,Internal Fraud,Internal Fraud,Medium,23005,No,No,No
OPR-0408,Regulatory review identified inadequate suitability assessment for mortgage products sales.,regulatory review identified inadequate suitability assessment for mortgage products sales.,"Clients, Products & Business Practices","Clients, Products & Business Practices",High,336547,No,No,No
OPR-0484,Flooding at Corporaate Banking dtaa centre caused disruption to on-site server infrastructure.,flooding at corporaate banking dtaa centre caused disruption to on-site server infrastructure.,Cybersecurity Incident,Damage to Physical Assets,High,326772,No,Yes,No
OPR-0488,Employee grievance filed alleging discriminatory practice within Human Resources team.,employee grievance filed alleging discriminatory practice within human resources team.,Employment Practices & Workplace Safety,Employment Practices & Workplace Safety,Low,3130,No,No,No
OPR-0309,phishing attack resulted in unauthorised.,phishing attack resulted in unauthorised.,External Fraud,External Fraud,High,415700,No,No,No
OPR-0268,"Suspicious transaction of £897,000 flagged in IT Operations, possbile insider involvement not yet confirmed.","suspicious transaction of £897,000 flagged in it operations, possbile insider involvement not yet confirmed.",Internal Fraud,Internal Fraud,High,300303,Yes,No,No
OPR-0104,Card-not-present fraud detected across.,card-not-present fraud detected across.,External Fraud,External Fraud,Medium,14274,No,No,No
OPR-0232,EMPLOYEE GRIEVANCE FILED ALLEGING DISCRIMINATORY PRACTICE WITHIN COMPLIANCE TEAM.,employee grievance filed alleging discriminatory practice within compliance team.,Employment Practices & Workplace Safety,Employment Practices & Workplace Safety,High,68786,No,No,No
OPR-0180,Skimming device found on ATM network resulting in £48000 in fraudulent withdrawals.,skimming device found on atm network resulting in £48000 in fraudulent withdrawals.,External Fraud,External Fraud,Low,89,No,No,No
OPR-0235,Manual data entry error in Treasury led to incorrect processing of 237 transactions.,manual data entry error in treasury led to incorrect processing of 237 transactions.,"Execution, Delivery & Process Management","Execution, Delivery & Process Management",High,148206,No,No,No
OPR-0357,Health and safety inspection identified non-compliance in Customer Services office premises.,health and safety inspection identified non-compliance in customer services office premises.,Employment Practices & Workplace Safety,Employment Practices & Workplace Safety,Low,2473,No,No,No
OPR-0030,Database corruption in core banking platform led to temporary loss of transaction processing.,database corruption in core banking platform led to temporary loss of transaction processing.,Business Disruption & System Failures,Business Disruption & System Failures,Medium,20538,No,No,No
OPR-0219,Phishing attack resulted in unauthorised access to 251 customer accounts.,phishing attack resulted in unauthorised access to 251 customer accounts.,External Fraud,External Fraud,Medium,44277,No,No,No
OPR-0489,Staff member sustained injury during Wealth Management office relocation activities.,staff member sustained injury during wealth management office relocation activities.,Employment Practices & Workplace Safety,Employment Practices & Workplace Safety,Medium,26821,No,No,No
OPR-0236,Trader in IT Operations exceeded authorised limits and concealed losses via mismarked positions.,trader in it operations exceeded authorised limits and concealed losses via mismarked positions.,Internal Fraud,Internal Fraud,Medium,26536,No,No,No
OPR-0285,Unauthorised transfer of £500 initiated by Retail Banking employee using stlen credentials.,unauthorised transfer of £500 initiated by retail banking employee using stlen credentials.,Internal Fraud,Internal Fraud,High,290116,No,No,No
OPR-0368,Employee grievance filed alleging discriminatory practice within Retail Banking team.,employee grievance filed alleging discriminatory practice within retail banking team.,Employment Practices & Workplace Safety,Employment Practices & Workplace Safety,Low,4214,No,No,No
OPR-0456,"Processing error affected 22 customer accounts in Wealth Management, complaint escalated for review.","processing error affected 22 customer accounts in wealth management, complaint escalated for review.","Clients, Products & Business Practices","Clients, Products & Business Practices",High,349712,Yes,No,No
OPR-0026,Late reporting to regulator caused by breakdown in Risk Management reconciliation process.,late reporting to regulator caused by breakdown in risk management reconciliation process.,"Execution, Delivery & Process Management","Execution, Delivery & Process Management",Low,746,No,No,No
OPR-0364,Misconfigured cloud storage bucket exposed sensitive Retail Banking data publicly.,misconfigured cloud storage bucket exposed sensitive retail banking data publicly.,Cybersecurity Incident,Cybersecurity Incident,Medium,26931,No,No,No
OPR-0306,Unauthorised transfer of £1200 initiated by.,unauthorised transfer of £1200 initiated by.,Internal Fraud,Internal Fraud,Low,4404,No,No,No
OPR-0116,Formal complaint raised regarding workplace harassment in Human Resources division.,formal complaint raised regarding workplace harassment in human resources division.,Employment Practices & Workplace Safety,Employment Practices & Workplace Safety,High,63735,No,No,No
OPR-0291,Regulatory review identified inadequate suitability assessment for mortgage products sales.,regulatory review identified inadequate suitability assessment for mortgage products sales.,"Clients, Products & Business Practices","Clients, Products & Business Practices",High,341673,No,No,No
OPR-0442,Misconfigured cloud storage bucket exposed sensitive Corporate Banking data publicly.,misconfigured cloud storage bucket exposed sensitive corporate banking data publicly.,Cybersecurity Incident,Cybersecurity Incident,High,162364,No,No,No
OPR-0063,Employee an operations officer manipulated mobile banking app records to conceal unauthorised fund transfers.,employee an operations officer manipulated mobile banking app records to conceal unauthorised fund transfers.,Internal Fraud,Internal Fraud,High,88902,No,No,No
OPR-0037,Third party used stolen identity documents to open 188 fraudulent accounts.,third party used stolen identity documents to open 188 fraudulent accounts.,External Fraud,External Fraud,High,318572,No,No,No
OPR-0108,"core banking platform became unavailable for 45 minutes,.","core banking platform became unavailable for 45 minutes,.",Cybersecurity Incident,Cybersecurity Incident,High,485360,Yes,No,No
OPR-0159,Phishing attack resulted in unauthorised access to 269 customer accounts.,phishing attack resulted in unauthorised access to 269 customer accounts.,External Fraud,External Fraud,Medium,12501,No,No,No
OPR-0283,Unauthorised access detected on online banking portal following credential stuffing attack.,unauthorised access detected on online banking portal following credential stuffing attack.,Cybersecurity Incident,Cybersecurity Incident,Low,3375,No,No,No
OPR-0462,Incorrect interest rate applied to 358 customer accounts due to configuration error.,incorrect interest rate applied to 358 customer accounts due to configuration error.,"Execution, Delivery & Process Management","Execution, Delivery & Process Management",Medium,30751,No,No,No
OPR-0176,Regulatory review identified inadequate suitability.,regulatory review identified inadequate suitability.,"Clients, Products & Business Practices","Clients, Products & Business Practices",High,366318,No,No,No
OPR-0495,Formal complaint raised regarding wooekplace harassment in Corporate Banking division.,formal complaint raised regarding wooekplace harassment in corporate banking division.,Employment Practices & Workplace Safety,Employment Practices & Workplace Safety,Medium,14768,No,No,No
OPR-0046,Employee falsified expense claims totalling £1200 over a three-month period.,employee falsified expense claims totalling £1200 over a three-month period.,Internal Fraud,Internal Fraud,High,61429,No,No,No
OPR-0373,Unauthorised access detected on mobile banking app following credential stuffing attack.,unauthorised access detected on mobile banking app following credential stuffing attack.,Cybersecurity Incident,Cybersecurity Incident,Medium,36350,No,No,No
OPR-0252,Distributed denial-of-service attack disrupted payment gateway availability for 45 minutes.,distributed denial-of-service attack disrupted payment gateway availability for 45 minutes.,Cybersecurity Incident,Cybersecurity Incident,Medium,40296,No,No,No
OPR-0084,Phishing attack resulted in unauthorised access to 25 customer accounts.,phishing attack resulted in unauthorised access to 25 customer accounts.,External Fraud,External Fraud,Low,2679,No,No,No
OPR-0054,Power outage caused by storm damage disrupted operations at Human Resources office.,power outage caused by storm damage disrupted operations at human resources office.,Damage to Physical Assets,Damage to Physical Assets,Critical,4217817,No,No,No
OPR-0478,"Systtem error in mobile banking app caused unexpected data exposure affecting Retail Banking, cause under investigation.","systtem error in mobile banking app caused unexpected data exposure affecting retail banking, cause under investigation.",Cybersecurity Incident,Cybersecurity Incident,High,313824,No,No,Yes
OPR-0224,CUSTOMER DATA USED FOR MARKETING WITHOUT VALID CONSENT UNDER GDPR FOR 301 CLIENTS.,customer data used for marketing without valid consent under gdpr for 301 clients.,"Clients, Products & Business Practices","Clients, Products & Business Practices",Medium,43550,No,No,No
OPR-0339,Database  corruption  in  CRM  system  led.,database  corruption  in  crm  system  led.,Business Disruption & System Failures,Business Disruption & System Failures,Critical,4091725,No,No,No
OPR-0022,"Ransomware attack encrypted files on core banking platform, disrupting Payments operations.","ransomware attack encrypted files on core banking platform, disrupting payments operations.",Cybersecurity Incident,Cybersecurity Incident,Medium,45465,No,No,No
OPR-0289,Power outage caused by storm damage disrupted operations at Risk Management office.,power outage caused by storm damage disrupted operations at risk management office.,Damage to Physical Assets,Damage to Physical Assets,Medium,38870,No,No,No
OPR-0052,"EMPLOYEE FALSIFIED EXPENSE CLAIMS TOTLALING £86,000 OVER A ONE-YEAR PERIOD.","employee falsified expense claims totlaling £86,000 over a one-year period.",Internal Fraud,Internal Fraud,Medium,16960,No,No,No
OPR-0288,Breach of consumer duty obligations identified in investment bonds disclosure documents.,breach of consumer duty obligations identified in investment bonds disclosure documents.,"Clients, Products & Business Practices","Clients, Products & Business Practices",Medium,31251,No,No,No
OPR-0300,Fire suppression system triggered at Human Resources branch causing equipment damage.,fire suppression system triggered at human resources branch causing equipment damage.,Damage to Physical Assets,Damage to Physical Assets,High,468918,No,No,No
OPR-0378,"Processing error affected 472 customer accounts in Wealth Management, complaint escalated for review.","processing error affected 472 customer accounts in wealth management, complaint escalated for review.","Execution, Delivery & Process Management","Execution, Delivery & Process Management",Critical,4915707,Yes,No,No
OPR-0320,"System error in internal reporting system caused unexpected data exposure affecting Retail Banking, cause under investigation.","system error in internal reporting system caused unexpected data exposure affecting retail banking, cause under investigation.",Cybersecurity Incident,Cybersecurity Incident,High,90969,Yes,No,No
OPR-0326,Employee a branch employee manipulated core banking platform records to conceal unauthorised fund transfers.,employee a branch employee manipulated core banking platform records to conceal unauthorised fund transfers.,Internal Fraud,Internal Fraud,Medium,5532,No,No,No
OPR-0498,settlement failure occurred due to mismatched trade instructions in CRM system.,settlement failure occurred due to mismatched trade instructions in crm system.,"Execution, Delivery & Process Management","Execution, Delivery & Process Management",Medium,46066,No,No,No
OPR-0275,Third party used stolen identity.,third party used stolen identity.,External Fraud,External Fraud,Medium,9535,No,No,No
OPR-0204,"Card-not-present fraud detected across 21 transactions totalling £564,000.","card-not-present fraud detected across 21 transactions totalling £564,000.",External Fraud,External Fraud,Medium,45804,No,No,No
OPR-0386,Core banking system outage disrupted core banking platform services for 1 business day.,core banking system outage disrupted core banking platform services for 1 business day.,Business Disruption & System Failures,Business Disruption & System Failures,Low,4535,No,No,No
OPR-0447,Misconfigured cloud storage bucket exposed sensitive Risk Management data publicly.,misconfigured cloud storage bucket exposed sensitive risk management data publicly.,Cybersecurity Incident,Cybersecurity Incident,Low,3606,No,No,No
OPR-0194,Incorrect interest rate applied to 405 customer accounts due to configuration error.,incorrect interest rate applied to 405 customer accounts due to configuration error.,"Execution, Delivery & Process Management","Execution, Delivery & Process Management",Medium,25568,No,No,No
OPR-0281,SKIMMING DEVICE FOUND ON ATM NEYWORK RESULTING IN £25000 IN FRAUDULENT WITHDRAWALS.,skimming device found on atm neywork resulting in £25000 in fraudulent withdrawals.,External Fraud,External Fraud,Medium,21516,No,No,No
OPR-0187,Duplicate payment processed due to failure in payment gateway validation controls.,duplicate payment processed due to failure in payment gateway validation controls.,"Execution, Delivery & Process Management","Execution, Delivery & Process Management",Low,4823,No,No,No
OPR-0256,"Processing error affected 465 customer accounts in Compliance, complaint escalated for review.","processing error affected 465 customer accounts in compliance, complaint escalated for review.","Clients, Products & Business Practices","Clients, Products & Business Practices",High,119176,Yes,No,No
OPR-0449,"Vandalism reported at ATM located at Compliance branch, machine offline for repair.","vandalism reported at atm located at compliance branch, machine offline for repair.",Damage to Physical Assets,Damage to Physical Assets,High,111827,No,No,No
OPR-0482,Formal complaint raised regarding workplace harassment in Human Resources division.,formal complaint raised regarding workplace harassment in human resources division.,Employment Practices & Workplace Safety,Employment Practices & Workplace Safety,Low,1665,No,No,No
OPR-0100,Third-party cloud provider outage disrupted access to internal reporting system platform.,third-party cloud provider outage disrupted access to internal reporting system platform.,Business Disruption & System Failures,Business Disruption & System Failures,High,423194,No,No,No
OPR-0313,Sotware deployment error caused CRM dystem downtime lasting 45 minutes.,sotware deployment error caused crm dystem downtime lasting 45 minutes.,Business Disruption & System Failures,Business Disruption & System Failures,Low,2452,No,No,No
OPR-0243,Data breach exposed personal information of 163 customers via online banking portal vulnerability.,data breach exposed personal information of 163 customers via online banking portal vulnerability.,Cybersecurity Incident,Cybersecurity Incident,High,136499,No,No,No
OPR-0420,"Unauthorised transfer of £244,000 initiated by IT Operations employee using stolen credentials.","unauthorised transfer of £244,000 initiated by it operations employee using stolen credentials.",Internal Fraud,Internal Fraud,Medium,39899,No,No,No
OPR-0270,Business email compromise led to fraudulent payment of £48000 to external account.,business email compromise led to fraudulent payment of £48000 to external account.,Business Disruption & System Failures,External Fraud,High,353112,No,Yes,No
OPR-0371,Employee grievance filed alleging discriminatory practice within IT Operations team.,employee grievance filed alleging discriminatory practice within it operations team.,Employment Practices & Workplace Safety,Employment Practices & Workplace Safety,Low,1704,No,No,No
OPR-0123,Unauthorised access detected on loan origination system following credential stuffing attack..,unauthorised access detected on loan origination system following credential stuffing attack..,Cybersecurity Incident,Cybersecurity Incident,Medium,27192,No,No,No
OPR-0137,Breach of consumer duty obligations identified in credit cards disclosure documents.,breach of consumer duty obligations identified in credit cards disclosure documents.,"Clients, Products & Business Practices","Clients, Products & Business Practices",High,201049,No,No,No
OPR-0171,Fire suppression system triggered at Payments branch causing equipment damage.,fire suppression system triggered at payments branch causing equipment damage.,Damage to Physical Assets,Damage to Physical Assets,Medium,24988,No,No,No
OPR-0240,Employee grievance filed alleging discriminatory practice within Payments team.,employee grievance filed alleging discriminatory practice within payments team.,Employment Practices & Workplace Safety,Employment Practices & Workplace Safety,Low,3386,No,No,No
OPR-0279,Breach of consumer duty obligations identified in personal loans disclosure documents.,breach of consumer duty obligations identified in personal loans disclosure documents.,"Clients, Products & Business Practices","Clients, Products & Business Practices",Medium,6438,No,No,No
OPR-0121,Skimming device found on ATM network resulting in £4000 in fraudulent withdrawals.,skimming device found on atm network resulting in £4000 in fraudulent withdrawals.,External Fraud,External Fraud,Medium,28758,No,No,No
OPR-0033,Network connectivity failure at Corporate Banking data centre affected 290 branches.,network connectivity failure at corporate banking data centre affected 290 branches.,Business Disruption & System Failures,Business Disruption & System Failures,Critical,4643420,No,No,No
OPR-0453,EMPLOYEE GRIEVANCE FILED ALLEGING DISCRIMINATORY PRACTICE WITHNI TREASURY TEAM.,employee grievance filed alleging discriminatory practice withni treasury team.,Employment Practices & Workplace Safety,Employment Practices & Workplace Safety,Medium,42756,No,No,No
OPR-0143,EMPLOYEE GRIEVANCE FILED ALLEGING DISCRIMINATORY PRACTICE WITHIN HUMAN RESOURCES TEAM.,employee grievance filed alleging discriminatory practice within human resources team.,Employment Practices & Workplace Safety,Employment Practices & Workplace Safety,Low,1208,No,No,No
OPR-0060,"Business email compromise led to fraudulent payment of £204,000 to external account.","business email compromise led to fraudulent payment of £204,000 to external account.",External Fraud,External Fraud,High,406723,No,No,No
OPR-0422,Employee falsified expense claims totalling £25000 over a three-month period.,employee falsified expense claims totalling £25000 over a three-month period.,Internal Fraud,Internal Fraud,Medium,40351,No,No,No
OPR-0467,"Ransomware attack encrypted files on core banking platform, disrupting Cimpliance operations.","ransomware attack encrypted files on core banking platform, disrupting cimpliance operations.",Business Disruption & System Failures,Cybersecurity Incident,Medium,11376,No,Yes,No
OPR-0058,"Processing error affected 346 customer accounts in Corporate Banking, complaint escalated for revieew.","processing error affected 346 customer accounts in corporate banking, complaint escalated for revieew.","Clients, Products & Business Practices","Clients, Products & Business Practices",High,409493,Yes,No,No
OPR-0080,Duplicate payment processed due to failure in loan origination system validation controls.,duplicate payment processed due to failure in loan origination system validation controls.,"Execution, Delivery & Process Management","Execution, Delivery & Process Management",High,448807,No,No,No
OPR-0051,Unauthorised access detected on online banking portal following credential stuffing attack.,unauthorised access detected on online banking portal following credential stuffing attack.,Cybersecurity Incident,Cybersecurity Incident,High,433652,No,No,No
OPR-0168,Phishing attack resulted in unauthorised access to 130 customer accounts.,phishing attack resulted in unauthorised access to 130 customer accounts.,External Fraud,External Fraud,High,69593,No,No,No
OPR-0017,Employee falsified expense claims totalling £2500 over a three-month period.,employee falsified expense claims totalling £2500 over a three-month period.,Internal Fraud,Internal Fraud,High,418811,No,No,No
OPR-0414,"System error in online banking portal caused unexpected data exposure affecting Wealth Management, cause under investigation.","system error in online banking portal caused unexpected data exposure affecting wealth management, cause under investigation.",Cybersecurity Incident,Cybersecurity Incident,Medium,17892,Yes,No,No
OPR-0198,Formal complaint raised regarding workplace harassment in Risk Management division.,formal complaint raised regarding workplace harassment in risk management division.,Employment Practices & Workplace Safety,Employment Practices & Workplace Safety,Medium,37688,No,No,No
OPR-0433,Core banking system outage disrupted mobile banking app services for 2 hours.,core banking system outage disrupted mobile banking app services for 2 hours.,Business Disruption & System Failures,Business Disruption & System Failures,High,479091,No,No,No
OPR-0350,Software deployment error caused online banking portal downtime lasting 2 hours.,software deployment error caused online banking portal downtime lasting 2 hours.,"Clients, Products & Business Practices","Clients, Products & Business Practices",High,455579,No,No,Yes
OPR-0076,Breach of consumer duty obligations idetified in mortgage products disclosure documents.,breach of consumer duty obligations idetified in mortgage products disclosure documents.,"Clients, Products & Business Practices","Clients, Products & Business Practices",Low,4829,No,No,No
OPR-0201,Regulatory review identified inadequate suitability assessment for investment bonds sales.,regulatory review identified inadequate suitability assessment for investment bonds sales.,"Clients, Products & Business Practices","Clients, Products & Business Practices",Medium,31099,No,No,No
OPR-0134,Core banking system outage disrupted trading platform services for 2 hours.,core banking system outage disrupted trading platform services for 2 hours.,Business Disruption & System Failures,Business Disruption & System Failures,Medium,6572,No,No,No
OPR-0334,"Ransomware attack encrypted files on core banking platform, disrupting Payments operations.","ransomware attack encrypted files on core banking platform, disrupting payments operations.","Clients, Products & Business Practices","Execution, Delivery & Process Management",Medium,20152,No,Yes,Yes
OPR-0225,Third-party cloud provider outage disrupted access to payment gateway platform.,third-party cloud provider outage disrupted access to payment gateway platform.,Business Disruption & System Failures,Business Disruption & System Failures,Low,1785,No,No,No
OPR-0430,Trader in Payments exceeded authorised limits and concealed losses via mismarked positions.,trader in payments exceeded authorised limits and concealed losses via mismarked positions.,Internal Fraud,Internal Fraud,High,268195,No,No,No
OPR-0131,Third party used stolen identity documents to open 281 fraudulent accounts.,third party used stolen identity documents to open 281 fraudulent accounts.,External Fraud,External Fraud,High,65363,No,No,No
OPR-0014,Employee an operations officer manipulated core banking platform records to conceal unauthorised fund transfers.,employee an operations officer manipulated core banking platform records to conceal unauthorised fund transfers.,Internal Fraud,Internal Fraud,High,379837,No,No,No
OPR-0298,Late reporting to regulator caused by breakdown in Corporate Banking reconciliation process.,late reporting to regulator caused by breakdown in corporate banking reconciliation process.,"Execution, Delivery & Process Management","Execution, Delivery & Process Management",Low,59,No,No,No
OPR-0474,Trader in Payments exceeded authorised limits and concealed losses via mismarked positions.,trader in payments exceeded authorised limits and concealed losses via mismarked positions.,Internal Fraud,Internal Fraud,High,295047,No,No,No
OPR-0158,"Ransomware attack encrypted files on CRM system, disrupting Wealth Management operations.","ransomware attack encrypted files on crm system, disrupting wealth management operations.",Cybersecurity Incident,Cybersecurity Incident,Low,4099,No,No,No
OPR-0465,Business email compromise led to fraudulent payment of £800 to external account.,business email compromise led to fraudulent payment of £800 to external account.,Internal Fraud,Internal Fraud,Medium,16486,No,No,Yes
OPR-0261,Misconfigured cloud storage bucket exposed sensitive Wealth Management data publicly.,misconfigured cloud storage bucket exposed sensitive wealth management data publicly.,External Fraud,Cybersecurity Incident,Critical,766230,No,Yes,No
OPR-0356,Core banking system outage disrupted internal reporting system services for 2 hours.,core banking system outage disrupted internal reporting system services for 2 hours.,Business Disruption & System Failures,Business Disruption & System Failures,High,96510,No,No,No
OPR-0434,Regulatory reveiw identified inadequate suitability assessment for insurance add-ons sales.,regulatory reveiw identified inadequate suitability assessment for insurance add-ons sales.,"Clients, Products & Business Practices","Clients, Products & Business Practices",Medium,8058,No,No,No
OPR-0213,Software deployment error caused core banking platform downtime lasting 45 minutes.,software deployment error caused core banking platform downtime lasting 45 minutes.,Business Disruption & System Failures,Business Disruption & System Failures,High,295016,No,No,No
OPR-0359,Flooding at Corporate Banking data centre caused disruption to on-site server infrastructure.,flooding at corporate banking data centre caused disruption to on-site server infrastructure.,Damage to Physical Assets,Damage to Physical Assets,Low,4562,No,No,No
OPR-0085,Duplicate payment processed due to failure in payment gateway validation controls.,duplicate payment processed due to failure in payment gateway validation controls.,"Execution, Delivery & Process Management","Execution, Delivery & Process Management",Medium,35753,No,No,No
OPR-0028,Trader in Corporate Banking exceeded authorised limits and concealed losses via mismarked positions.,trader in corporate banking exceeded authorised limits and concealed losses via mismarked positions.,Internal Fraud,Internal Fraud,High,268929,No,No,No
OPR-0264,Customer data used for marketing without valid consent under GDPR for 91 clients.,customer data used for marketing without valid consent under gdpr for 91 clients.,"Clients, Products & Business Practices","Clients, Products & Business Practices",Medium,24801,No,No,No
OPR-0004,"Unauthorised transfer of £33,000 initiated by Treasury employee using stolen credentials.","unauthorised transfer of £33,000 initiated by treasury employee using stolen credentials.",Internal Fraud,Internal Fraud,Medium,15463,No,No,No
OPR-0372,Employee a relationship managr manipulated online banking portal records to conceal unauthorised fund transfers.,employee a relationship managr manipulated online banking portal records to conceal unauthorised fund transfers.,Internal Fraud,Internal Fraud,High,306955,No,No,No
OPR-0348,Software deployment error caused online banking portal downtime lasting 2 hours.,software deployment error caused online banking portal downtime lasting 2 hours.,Business Disruption & System Failures,Business Disruption & System Failures,Critical,3151965,No,No,No
OPR-0135,Third party used stolen identity documents to open 190 fraudulent accounts.,third party used stolen identity documents to open 190 fraudulent accounts.,External Fraud,External Fraud,Medium,49323,No,No,No
OPR-0366,Fire suppression system triggered at Treasury branch causing equipment damage.,fire suppression system triggered at treasury branch causing equipment damage.,Damage to Physical Assets,Damage to Physical Assets,High,166263,No,No,No
OPR-0214,Fire suppression system triggered at.,fire suppression system triggered at.,Damage to Physical Assets,Damage to Physical Assets,Medium,45613,No,No,No
OPR-0071,Incorrect interest rate applied to 480 customer accounnts due to configuration error.,incorrect interest rate applied to 480 customer accounnts due to configuration error.,"Execution, Delivery & Process Management","Execution, Delivery & Process Management",Medium,17816,No,No,No
OPR-0144,Duplicate payment processed due to failure in internal reporting system validation controls.,duplicate payment processed due to failure in internal reporting system validation controls.,"Execution, Delivery & Process Management","Execution, Delivery & Process Management",High,173009,No,No,No
OPR-0396,Flooding at Retail Banking data centre caused disruption to on-site server infrastructure.,flooding at retail banking data centre caused disruption to on-site server infrastructure.,Damage to Physical Assets,Damage to Physical Assets,Medium,13989,No,No,No
OPR-0007,Staff member in Treasury approved fictitious credit memos to bypads internal controls.,staff member in treasury approved fictitious credit memos to bypads internal controls.,Internal Fraud,Internal Fraud,High,103825,No,No,No
OPR-0460,Third-party  cloud  provider  outage  disrupted  access  to  internal  reporting  system  platform.,third-party  cloud  provider  outage  disrupted  access  to  internal  reporting  system  platform.,Business Disruption & System Failures,Business Disruption & System Failures,Critical,3594385,No,No,No
OPR-0392,Trader  in  Risk  Management  exceeded  authorised  limits  and  concealed  losses  via  mismarked  positions.,trader  in  risk  management  exceeded  authorised  limits  and  concealed  losses  via  mismarked  positions.,Internal Fraud,Internal Fraud,Low,555,No,No,No
OPR-0459,Core banking system outage disrupted trading platform services for 1 busienss day.,core banking system outage disrupted trading platform services for 1 busienss day.,Business Disruption & System Failures,Business Disruption & System Failures,High,415444,No,No,No
OPR-0155,"Suspicious transaction of £800 flagged in Compliance, possible insider involvement not yet confirmed.","suspicious transaction of £800 flagged in compliance, possible insider involvement not yet confirmed.",Internal Fraud,Internal Fraud,Low,890,Yes,No,No
OPR-0083,Regulatory review identified inadequate suitability assessment for mortgage products sales.,regulatory review identified inadequate suitability assessment for mortgage products sales.,"Clients, Products & Business Practices","Clients, Products & Business Practices",Medium,24966,No,No,No
OPR-0023,Third party used stolen identity documents to open 259 fraudulent accounts.,third party used stolen identity documents to open 259 fraudulent accounts.,External Fraud,External Fraud,Medium,35105,No,No,No
OPR-0055,Manual data entry errror in Payments led to incorrect processing of 298 transactions.,manual data entry errror in payments led to incorrect processing of 298 transactions.,"Execution, Delivery & Process Management","Execution, Delivery & Process Management",Low,3400,No,No,No
OPR-0102,"Unauthorised transfer of £665,000 initiated by Retail Banking employee using stolen credentials.","unauthorised transfer of £665,000 initiated by retail banking employee using stolen credentials.",Internal Fraud,Internal Fraud,Medium,40570,No,No,No
OPR-0183,Duplicate payment processed due to failure in internal reporting system validation controls.,duplicate payment processed due to failure in internal reporting system validation controls.,"Execution, Delivery & Process Management","Execution, Delivery & Process Management",Medium,19776,No,No,No
OPR-0319,Customer data used for marketing without valid consent under GDPR for 303 clients.,customer data used for marketing without valid consent under gdpr for 303 clients.,"Clients, Products & Business Practices","Clients, Products & Business Practices",High,235029,No,No,No
OPR-0353,Incorrect  interest  rate  applied  to  238  customer  accounts  due  to  configuration  error.,incorrect  interest  rate  applied  to  238  customer  accounts  due  to  configuration  error.,"Execution, Delivery & Process Management","Execution, Delivery & Process Management",Medium,12472,No,No,No
OPR-0092,Core banking system outage disrupted CRM system services for 45 minutes,core banking system outage disrupted crm system services for 45 minutes,Business Disruption & System Failures,Business Disruption & System Failures,High,463476,No,No,No
OPR-0233,Staff member sustained injury during Risk Management office relocation activities.,staff member sustained injury during risk management office relocation activities.,Employment Practices & Workplace Safety,Employment Practices & Workplace Safety,Medium,46500,No,No,No
OPR-0031,Power outage caused by storm damage disrupted operations at Retail Banking office.,power outage caused by storm damage disrupted operations at retail banking office.,Damage to Physical Assets,Damage to Physical Assets,Medium,46500,No,No,No
OPR-0471,Customer data used for marketing without valid consent under GDPR for 91 clients.,customer data used for marketing without valid consent under gdpr for 91 clients.,Internal Fraud,Internal Fraud,High,148784,Yes,No,Yes
OPR-0314,Formal complaint raised regarding workplace harassment in Compliance division.,formal complaint raised regarding workplace harassment in compliance division.,Employment Practices & Workplace Safety,Employment Practices & Workplace Safety,Medium,30204,No,No,No
OPR-0318,Misconfigured cloud storage bucket exposed sensitive Wealh Management data publicl,misconfigured cloud storage bucket exposed sensitive wealh management data publicl,Cybersecurity Incident,Cybersecurity Incident,Critical,4673523,No,No,No
OPR-0059,Employee grievance filed alleging discriminatory practice within Payments team.,employee grievance filed alleging discriminatory practice within payments team.,Employment Practices & Workplace Safety,Employment Practices & Workplace Safety,Low,1263,No,No,No
OPR-0395,Employee falsified expense claims totalling £7500 over a two-week period.,employee falsified expense claims totalling £7500 over a two-week period.,Internal Fraud,Internal Fraud,High,382821,No,No,No
OPR-0280,Skimming device found on ATM network resulting in £500 in fraudulent withdrawals.,skimming device found on atm network resulting in £500 in fraudulent withdrawals.,External Fraud,External Fraud,High,380892,No,No,No
OPR-0067,"Suspicious transaction of £27,000 flagged in Human Resources, possible insider involvement not yet confirmed.","suspicious transaction of £27,000 flagged in human resources, possible insider involvement not yet confirmed.",Internal Fraud,Internal Fraud,High,286981,Yes,No,No
OPR-0461,"Processing error affected 174 customer accounts in Corporate Banking, complaint escalated for review.","processing error affected 174 customer accounts in corporate banking, complaint escalated for review.","Execution, Delivery & Process Management","Execution, Delivery & Process Management",High,372185,Yes,No,No
OPR-0411,Late reporting to regulator caused by breakdown in Risk Management reconciliation process.,late reporting to regulator caused by breakdown in risk management reconciliation process.,"Execution, Delivery & Process Management","Execution, Delivery & Process Management",Medium,46075,No,No,No
OPR-0019,Card-not-present fraud detected across 30 transactions totalling £25000.,card-not-present fraud detected across 30 transactions totalling £25000.,External Fraud,External Fraud,Medium,42268,No,No,No
OPR-0089,Business email compromise led to fraudulent payment of £4000 to external account.,business email compromise led to fraudulent payment of £4000 to external account.,External Fraud,External Fraud,High,206267,No,No,No
OPR-0002,Core banking systme outage disrupted loan origination system services for 45 minutes.,core banking systme outage disrupted loan origination system services for 45 minutes.,Business Disruption & System Failures,Business Disruption & System Failures,High,460708,No,No,No
OPR-0251,Late reporting to regulator caused by breakdown in Compliance reconciliation process.,late reporting to regulator caused by breakdown in compliance reconciliation process.,"Execution, Delivery & Process Management","Execution, Delivery & Process Management",Low,2879,No,No,No
OPR-0496,Customer data used for marketing without valid consent under GDPR for 234 clients.,customer data used for marketing without valid consent under gdpr for 234 clients.,"Clients, Products & Business Practices","Clients, Products & Business Practices",High,290057,No,No,No
OPR-0380,Phishing attack resulted in unauthorised access to 169 customer accounts.,phishing attack resulted in unauthorised access to 169 customer accounts.,"Execution, Delivery & Process Management","Execution, Delivery & Process Management",Critical,1257544,No,No,Yes
OPR-0056,Manual data entry error in Human Resources led to incorrect processing of 176 transactions.,manual data entry error in human resources led to incorrect processing of 176 transactions.,"Execution, Delivery & Process Management","Execution, Delivery & Process Management",Medium,29421,No,No,No
OPR-0282,Power outage caused by storm damage disrupted operations at Human Resources office.,power outage caused by storm damage disrupted operations at human resources office.,Damage to Physical Assets,Damage to Physical Assets,Medium,30797,No,No,No
OPR-0273,Fire suppression system triggered at Payments branch causing equipment damage.,fire suppression system triggered at payments branch causing equipment damage.,Damage to Physical Assets,Damage to Physical Assets,Medium,48144,No,No,No
OPR-0094,Software deployment error caused online banking portal downtime lasting 6 hours.,software deployment error caused online banking portal downtime lasting 6 hours.,Business Disruption & System Failures,Business Disruption & System Failures,Low,2470,No,No,No
OPR-0020,Third-party cloud provider outage disrupted access to core banking platform platform.,third-party cloud provider outage disrupted access to core banking platform platform.,Business Disruption & System Failures,Business Disruption & System Failures,High,394488,No,No,No
OPR-0480,Skimming device found on ATM network resulting in £4000 in fraudulent withdrawals.,skimming device found on atm network resulting in £4000 in fraudulent withdrawals.,External Fraud,External Fraud,High,413983,No,No,No
OPR-0331,Duplicate payment processed due to failure in loan origination system validation controls.,duplicate payment processed due to failure in loan origination system validation controls.,"Execution, Delivery & Process Management","Execution, Delivery & Process Management",Low,4838,No,No,No
OPR-0208,Phishing attack resulted in unauthorised access to 169 customer accounts.,phishing attack resulted in unauthorised access to 169 customer accounts.,External Fraud,External Fraud,Medium,41268,No,No,No
OPR-0153,Employee grievance filed alleging discriminatory practice within Customer Services team.,employee grievance filed alleging discriminatory practice within customer services team.,Employment Practices & Workplace Safety,Employment Practices & Workplace Safety,Critical,2489267,No,No,No
OPR-0050,"Incident at Corporate Banking site caused mobile banking app to become unavailable, engineers dispatched.","incident at corporate banking site caused mobile banking app to become unavailable, engineers dispatched.",Business Disruption & System Failures,Business Disruption & System Failures,High,115582,Yes,No,No
OPR-0200,Fire suppression system triggered at Risk Management branch causing equipment damage.,fire suppression system triggered at risk management branch causing equipment damage.,Damage to Physical Assets,Damage to Physical Assets,Medium,20486,No,No,No
OPR-0062,Incorrect interest rate applied to 332 customer accounts due to configuration error.,incorrect interest rate applied to 332 customer accounts due to configuration error.,Internal Fraud,External Fraud,Low,3142,No,Yes,Yes
OPR-0424,"Suspicious transaction of £671,000 flagged in Retail Banking, possible insider involvement not yet confirmed.","suspicious transaction of £671,000 flagged in retail banking, possible insider involvement not yet confirmed.",Internal Fraud,Internal Fraud,Medium,16975,Yes,No,No
OPR-0163,Staff member sustained injury during IT Operations office relocation activities.,staff member sustained injury during it operations office relocation activities.,Employment Practices & Workplace Safety,Employment Practices & Workplace Safety,Low,3743,No,No,No
OPR-0215,Health and safety inspection identified non-compliance in Wealth Management office premises.,health and safety inspection identified non-compliance in wealth management office premises.,Employment Practices & Workplace Safety,Employment Practices & Workplace Safety,Low,3958,No,No,No
OPR-0294,Health and safety inspection identified non-compliance in Treasury office premises.,health and safety inspection identified non-compliance in treasury office premises.,Employment Practices & Workplace Safety,Employment Practices & Workplace Safety,High,298394,No,No,No
OPR-0221,"Ransomwware attack encrypted files on online banking portal, disrupting Compliance operations.","ransomwware attack encrypted files on online banking portal, disrupting compliance operations.",Cybersecurity Incident,Cybersecurity Incident,High,425879,No,No,No
OPR-0230,Reulatory review identified inadequate suitability assessment for investment bonds sales.,reulatory review identified inadequate suitability assessment for investment bonds sales.,"Clients, Products & Business Practices","Clients, Products & Business Practices",Critical,1676949,No,No,No
OPR-0376,Fire suppression system triggered at Corporate Banking branch causing equipment damage.,fire suppression system triggered at corporate banking branch causing equipment damage.,Damage to Physical Assets,Damage to Physical Assets,Medium,42911,No,No,No
OPR-0006,Software deployment error caused online banking portal downtime lasting 1 business day.,software deployment error caused online banking portal downtime lasting 1 business day.,Business Disruption & System Failures,Business Disruption & System Failures,High,361192,No,No,No
OPR-0312,Customer data used for marketing without valid consent under GDPR for 125 clients.,customer data used for marketing without valid consent under gdpr for 125 clients.,"Clients, Products & Business Practices","Clients, Products & Business Practices",Low,2330,No,No,No
OPR-0296,Duplicate payment processed due to failure in online banking portal validation controls.,duplicate payment processed due to failure in online banking portal validation controls.,"Execution, Delivery & Process Management","Execution, Delivery & Process Management",Critical,2354148,No,No,No
OPR-0330,Unauthorised transfer of £7500 initiated by Human Resources employee using stolen credentials.,unauthorised transfer of £7500 initiated by human resources employee using stolen credentials.,Internal Fraud,Internal Fraud,Critical,3304332,No,No,No
OPR-0241,Network connectivity failure at Customer Services data centre affected 434 branches.,network connectivity failure at customer services data centre affected 434 branches.,"Execution, Delivery & Process Management",Business Disruption & System Failures,High,398981,No,Yes,No
OPR-0324,"Employee falsified expense claims totalling £259,000 over a two-week period.","employee falsified expense claims totalling £259,000 over a two-week period.",Internal Fraud,Internal Fraud,Medium,31263,No,No,No
OPR-0222,Staff member in Compliance approved fictitious loan approvals to bypass internal controls.,staff member in compliance approved fictitious loan approvals to bypass internal controls.,Internal Fraud,Internal Fraud,High,239790,No,No,No
OPR-0388,Distributed denial-of-service attack disrupted trading platform availability for 1 business day.,distributed denial-of-service attack disrupted trading platform availability for 1 business day.,Cybersecurity Incident,Cybersecurity Incident,Critical,3282663,No,No,No
OPR-0317,"Ransomware attack encrypted files on payment gateway, disrupting Compliance operations.","ransomware attack encrypted files on payment gateway, disrupting compliance operations.",Cybersecurity Incident,Cybersecurity Incident,High,395783,No,No,No
OPR-0091,Health and safety inspection identified non-compliance in Compliance office premises.,health and safety inspection identified non-compliance in compliance office premises.,Employment Practices & Workplace Safety,Employment Practices & Workplace Safety,Medium,8664,No,No,No
OPR-0419,Trader in Treasury exceeded authorised limits and concealed losses via mismarked positions.,trader in treasury exceeded authorised limits and concealed losses via mismarked positions.,Internal Fraud,Internal Fraud,High,145779,No,No,No
OPR-0391,"mobile banking app became unavailable for 2 hours, root cause not yet determined - possible external interference.","mobile banking app became unavailable for 2 hours, root cause not yet determined - possible external interference.",Business Disruption & System Failures,Business Disruption & System Failures,Low,4954,Yes,No,No
OPR-0257,"Vandalism reported at ATM located at Customer Services branch, machine offline for repair.","vandalism reported at atm located at customer services branch, machine offline for repair.",Damage to Physical Assets,Damage to Physical Assets,Low,4835,No,No,No
OPR-0477,Breach of consumer duty obligations identified in investment bonds disclosure documents.,breach of consumer duty obligations identified in investment bonds disclosure documents.,"Clients, Products & Business Practices","Clients, Products & Business Practices",Medium,9486,No,No,No
OPR-0362,"system error in online banking portal caused unexpected data exposure affecting Compliance, cause under investigation.","system error in online banking portal caused unexpected data exposure affecting compliance, cause under investigation.","Execution, Delivery & Process Management","Execution, Delivery & Process Management",Medium,11449,Yes,No,No
OPR-0015,Staff member sustained injury during Retail Banking office relocation activities.,staff member sustained injury during retail banking office relocation activities.,Employment Practices & Workplace Safety,Employment Practices & Workplace Safety,Medium,16754,No,No,No
OPR-0436,Employee a junior trader manipulated trading platform records to conceal unauthorised fund transfers.,employee a junior trader manipulated trading platform records to conceal unauthorised fund transfers.,Internal Fraud,Internal Fraud,Medium,27844,No,No,No
OPR-0440,"Suspicious transaction of £793,000 flagged in Retail Banking, possible insider involvement not yet confirmed.","suspicious transaction of £793,000 flagged in retail banking, possible insider involvement not yet confirmed.",External Fraud,External Fraud,Low,1600,Yes,No,No
OPR-0500,"Vandalism reported at ATM located at Compliance branch, machine offline for repair.","vandalism reported at atm located at compliance branch, machine offline for repair.",Damage to Physical Assets,Damage to Physical Assets,High,122804,No,No,No
OPR-0347,Misconfigured cloud storage bucket exposed sensitive Human Resoutces data publicly.,misconfigured cloud storage bucket exposed sensitive human resoutces data publicly.,Cybersecurity Incident,Cybersecurity Incident,Critical,3554084,No,No,No
OPR-0205,Business email compromise led to fraudulent payment of £12000 to external account.,business email compromise led to fraudulent payment of £12000 to external account.,External Fraud,External Fraud,Medium,32059,No,No,No
OPR-0165,"Incident at Customer Services site caused core banking platform to become unavailable, engineers dispatched.","incident at customer services site caused core banking platform to become unavailable, engineers dispatched.",External Fraud,Damage to Physical Assets,Medium,23969,Yes,Yes,No
OPR-0365,Staff member sustained injury during Payments office relocation activities.,staff member sustained injury during payments office relocation activities.,Employment Practices & Workplace Safety,Employment Practices & Workplace Safety,Low,1873,No,No,No
OPR-0078,Regulatory review identified inadequate suitability assessment for credit cards sales.,regulatory review identified inadequate suitability assessment for credit cards sales.,"Clients, Products & Business Practices","Clients, Products & Business Practices",High,417749,No,No,No
OPR-0245,Fire duppression system triggered at Treasury branch causing equipment damage.,fire duppression system triggered at treasury branch causing equipment damage.,Damage to Physical Assets,Damage to Physical Assets,Low,4013,No,No,No
OPR-0466,Formal complaint raised regarding workplace harassment in Payments division.,formal complaint raised regarding workplace harassment in payments division.,Employment Practices & Workplace Safety,Employment Practices & Workplace Safety,Medium,49220,No,No,No
OPR-0203,Late reporting to regulator caused by breakdown in Corporate Banking reconciliation process.,late reporting to regulator caused by breakdown in corporate banking reconciliation process.,"Execution, Delivery & Process Management","Execution, Delivery & Process Management",High,383229,No,No,No
OPR-0172,Misconfigured cloud storage bucket exposed sensitive Customer Services data publicly.,misconfigured cloud storage bucket exposed sensitive customer services data publicly.,"Execution, Delivery & Process Management",Cybersecurity Incident,High,462421,No,Yes,No
OPR-0008,Mis-selling complaint upheld regarding mortgage products sold to retail customers.,mis-selling complaint upheld regarding mortgage products sold to retail customers.,"Clients, Products & Business Practices","Clients, Products & Business Practices",High,332220,No,No,No
OPR-0162,Data breach exposed personal information of 434 customers via CRM system vulnerability.,data breach exposed personal information of 434 customers via crm system vulnerability.,Cybersecurity Incident,Cybersecurity Incident,Critical,1223030,No,No,No
OPR-0038,Phishing attack resulted in unauthorised access to 97 customer accounts.,phishing attack resulted in unauthorised access to 97 customer accounts.,External Fraud,External Fraud,Medium,30087,No,No,No
OPR-0044,FLOODING AT COMPLIANCE DATA CENTRE CAUSED DISRUPTION TO ON-SITE SERVER INFRASTRUCTURE.,flooding at compliance data centre caused disruption to on-site server infrastructure.,Damage to Physical Assets,Damage to Physical Assets,High,268229,No,No,No
OPR-0393,Distributed deniak-of-service attack disrupted payment gateway availability for 30 minutes.,distributed deniak-of-service attack disrupted payment gateway availability for 30 minutes.,Cybersecurity Incident,Cybersecurity Incident,High,449703,No,No,No
OPR-0166,"Vandalism reported at ATM located at IT Operations branch, machine offline for repair.","vandalism reported at atm located at it operations branch, machine offline for repair.",Damage to Physical Assets,Damage to Physical Assets,Medium,10746,No,No,No
OPR-0445,Network connectivity failure at Risk Management data centre affected 275 branches.,network connectivity failure at risk management data centre affected 275 branches.,Business Disruption & System Failures,Business Disruption & System Failures,Medium,42910,No,No,No
OPR-0041,core banking system outage disrupted online banking portal services for 45 minutes.,core banking system outage disrupted online banking portal services for 45 minutes.,Business Disruption & System Failures,Business Disruption & System Failures,High,424220,No,No,No
OPR-0491,"Processing error affected 448 customer accounts in Retail Banking, complaint escalated for review.","processing error affected 448 customer accounts in retail banking, complaint escalated for review.",Employment Practices & Workplace Safety,Employment Practices & Workplace Safety,Low,3698,No,No,Yes
OPR-0497,Skimming devicce found on STM network resulting in £2500 in fraudulent withdrawals.,skimming devicce found on stm network resulting in £2500 in fraudulent withdrawals.,External Fraud,External Fraud,Medium,16647,No,No,No
OPR-0072,Settlement failure occurred due to mismatched trade instruvtions in online banking portal,settlement failure occurred due to mismatched trade instruvtions in online banking portal,"Execution, Delivery & Process Management","Execution, Delivery & Process Management",Medium,22118,No,No,No
OPR-0136,Power outage caused by storm damage disrupted operations at Human Resources office.,power outage caused by storm damage disrupted operations at human resources office.,Damage to Physical Assets,Damage to Physical Assets,Critical,1146662,No,No,No
OPR-0390,Staff member in Retail Banking approved fictitious credit memos to bypass internal controls.,staff member in retail banking approved fictitious credit memos to bypass internal controls.,Internal Fraud,Internal Fraud,Medium,10139,No,No,No
OPR-0344,Misconfigured cloud storage bucket exposed sensitive Wealth Management data publicly.,misconfigured cloud storage bucket exposed sensitive wealth management data publicly.,Cybersecurity Incident,Cybersecurity Incident,Medium,21911,No,No,No
OPR-0103,Flooding at Treasury data centre caused disruption to on-site server infrastructure.,flooding at treasury data centre caused disruption to on-site server infrastructure.,Damage to Physical Assets,Damage to Physical Assets,Low,4066,No,No,No
OPR-0101,Network connectivity failure at Human.,network connectivity failure at human.,Business Disruption & System Failures,Business Disruption & System Failures,Low,3062,No,No,No
OPR-0032,Employee grievance filed alleging discriminatory practice within Paymens team,employee grievance filed alleging discriminatory practice within paymens team,Employment Practices & Workplace Safety,Employment Practices & Workplace Safety,Low,2448,No,No,No
OPR-0068,"Employee falsified expense claims totalling £7,000 over a onee-year period.","employee falsified expense claims totalling £7,000 over a onee-year period.",Internal Fraud,Internal Fraud,Medium,49640,No,No,No
OPR-0369,Regulatory review identified inadequate suitability assessment for mortgage products sales.,regulatory review identified inadequate suitability assessment for mortgage products sales.,"Clients, Products & Business Practices","Clients, Products & Business Practices",Low,1776,No,No,No
OPR-0490,Software deployment error caused core banking platform downtime lasting 45 minutes.,software deployment error caused core banking platform downtime lasting 45 minutes.,Business Disruption & System Failures,Business Disruption & System Failures,Low,1533,No,No,No
OPR-0421,"business email compromise led to fraudulent payment of £513,000 to external account.","business email compromise led to fraudulent payment of £513,000 to external account.",External Fraud,External Fraud,Medium,31081,No,No,No
OPR-0109,Processing error affected 211 customer accounts in Payments complaint escalated for review,processing error affected 211 customer accounts in payments complaint escalated for review,"Execution, Delivery & Process Management","Execution, Delivery & Process Management",High,269092,Yes,No,No
OPR-0431,Fire suppression system triggered at Payments branch cauisgn equipment damage.,fire suppression system triggered at payments branch cauisgn equipment damage.,Damage to Physical Assets,Damage to Physical Assets,High,317981,No,No,No
OPR-0247,Health and safety inspection identified non-compliance in Risk Management office premises.,health and safety inspection identified non-compliance in risk management office premises.,Employment Practices & Workplace Safety,Employment Practices & Workplace Safety,Low,3345,No,No,No
OPR-0210,Employee grievance filed alleging discriminatory practice within Risk Management team.,employee grievance filed alleging discriminatory practice within risk management team.,Employment Practices & Workplace Safety,Employment Practices & Workplace Safety,Medium,13341,No,No,No
OPR-0095,Trader in Human Resources exceeded authorised limits and concealed losses via mismarked positions.,trader in human resources exceeded authorised limits and concealed losses via mismarked positions.,Internal Fraud,Internal Fraud,Medium,42064,No,No,No
OPR-0493,Staff  member  in  Corporate  Banking  approved  fictitious  loan  approvals  to  bypass  internal  controls.,staff  member  in  corporate  banking  approved  fictitious  loan  approvals  to  bypass  internal  controls.,Internal Fraud,Internal Fraud,Medium,14388,No,No,No
OPR-0413,Distributed denial-of-service attack disrupted internal reporting system availability for 30 minutes.,distributed denial-of-service attack disrupted internal reporting system availability for 30 minutes.,Cybersecurity Incident,Cybersecurity Incident,Critical,4091250,No,No,No
OPR-0177,Unauthorised access detected on loan origination system following credential stuffing attack.,unauthorised access detected on loan origination system following credential stuffing attack.,Cybersecurity Incident,Cybersecurity Incident,Medium,35419,No,No,No
OPR-0167,Staff member in Treasury approved fictitious loan approvals to bypass internal controls.,staff member in treasury approved fictitious loan approvals to bypass internal controls.,Internal Fraud,Internal Fraud,Medium,21997,No,No,No
OPR-0115,Staff member sustained injury during Human Resources office relocation activities.,staff member sustained injury during human resources office relocation activities.,Employment Practices & Workplace Safety,Employment Practices & Workplace Safety,High,305616,No,No,No
OPR-0332,NETWORK CONNECTIVITY FAILURE AT CUSTOMER SERVICES DATA CENTRE AFFECTED 91 BRANCHES.,network connectivity failure at customer services data centre affected 91 branches.,Business Disruption & System Failures,Business Disruption & System Failures,High,454406,No,No,No
OPR-0164,Formal complaint raised regarding workplace harasssment in Comlpiance division.,formal complaint raised regarding workplace harasssment in comlpiance division.,Employment Practices & Workplace Safety,Employment Practices & Workplace Safety,Medium,9234,No,No,No
OPR-0193,Unauthorised access detected on trading platform following credential stuffing attack.,unauthorised access detected on trading platform following credential stuffing attack.,Cybersecurity Incident,Cybersecurity Incident,Critical,2791907,No,No,No
OPR-0090,Database corruption in payment gateway led to temporary loss of transaction processing.,database corruption in payment gateway led to temporary loss of transaction processing.,Business Disruption & System Failures,Business Disruption & System Failures,Medium,19795,No,No,No
OPR-0277,Mis-selling complaint upheld regarding credit cards sold to retail customers.,mis-selling complaint upheld regarding credit cards sold to retail customers.,"Clients, Products & Business Practices","Clients, Products & Business Practices",Medium,46289,No,No,No
OPR-0086,"Processing error affected 211 customer accounts in Payments, complaint escalated for review.","processing error affected 211 customer accounts in payments, complaint escalated for review.",External Fraud,External Fraud,Low,1396,No,No,Yes
OPR-0082,"Suspicious transaction of £800 flagged in Compliance, possible insider involvement not yet confirmed.","suspicious transaction of £800 flagged in compliance, possible insider involvement not yet confirmed.",Internal Fraud,Internal Fraud,High,497126,Yes,No,No
OPR-0400,Customer data used for marketing without valid consent under GDPR for 278 clients.,customer data used for marketing without valid consent under gdpr for 278 clients.,"Clients, Products & Business Practices","Clients, Products & Business Practices",High,304510,No,No,No
OPR-0260,Network connectivity failure at Payments data centre affected 234 branches.,network connectivity failure at payments data centre affected 234 branches.,Business Disruption & System Failures,Business Disruption & System Failures,Medium,46604,No,No,No
OPR-0160,Trader in Human Resources exceeded authorised limits and concealed losses via mismarked positions.,trader in human resources exceeded authorised limits and concealed losses via mismarked positions.,Internal Fraud,Internal Fraud,High,261274,No,No,No
OPR-0074,Breach of consumer duty obligations identified in credit cards disclosure documents.,breach of consumer duty obligations identified in credit cards disclosure documents.,"Clients, Products & Business Practices","Clients, Products & Business Practices",Low,4264,No,No,No
OPR-0361,Flooding at Treasury data centre caused disruption to on-site server infrastructure.,flooding at treasury data centre caused disruption to on-site server infrastructure.,Damage to Physical Assets,Damage to Physical Assets,Critical,2720094,No,No,No
OPR-0255,Software deployment error caused core banking platform dowbtime lasting 1 business day.,software deployment error caused core banking platform dowbtime lasting 1 business day.,Business Disruption & System Failures,Business Disruption & System Failures,High,192038,No,No,No
OPR-0398,Health and safety inspection identified non-compliance in Corporate Banking office premises.,health and safety inspection identified non-compliance in corporate banking office premises.,Employment Practices & Workplace Safety,Employment Practices & Workplace Safety,Medium,9558,No,No,No
OPR-0352,Staff member sustained injury during Human Resources office relocation activities.,staff member sustained injury during human resources office relocation activities.,Employment Practices & Workplace Safety,Employment Practices & Workplace Safety,High,352479,No,No,No
OPR-0147,"Processing error affected 462 customer accounts in Customer Services, complaint escalated for review.","processing error affected 462 customer accounts in customer services, complaint escalated for review.","Execution, Delivery & Process Management","Execution, Delivery & Process Management",Low,465,Yes,No,No
OPR-0189,Incorrect interest rate applied to 157 customer accounts due to configuration error.,incorrect interest rate applied to 157 customer accounts due to configuration error.,"Execution, Delivery & Process Management","Execution, Delivery & Process Management",High,251059,No,No,No
OPR-0486,Customer data used for marketing without valid consent under GDPR for 48 clients.,customer data used for marketing without valid consent under gdpr for 48 clients.,"Clients, Products & Business Practices","Clients, Products & Business Practices",Critical,2733071,No,No,No
OPR-0025,Health and safety inspection identified non-compliance in IT Operations office premises.,health and safety inspection identified non-compliance in it operations office premises.,Employment Practices & Workplace Safety,Employment Practices & Workplace Safety,High,390013,No,No,No
OPR-0455,"System error in payment gateway caused unexpected data exposure affecting Human Resources, cause under investigation.","system error in payment gateway caused unexpected data exposure affecting human resources, cause under investigation.",Cybersecurity Incident,Cybersecurity Incident,Medium,37492,Yes,No,No
OPR-0333,Trader in Payments exceeded authorised limits and concealed losses via mismarked positions.,trader in payments exceeded authorised limits and concealed losses via mismarked positions.,Internal Fraud,Internal Fraud,High,328164,No,No,No
OPR-0271,Core banking system outage disrupted core banking platform services for 1 business day.,core banking system outage disrupted core banking platform services for 1 business day.,Business Disruption & System Failures,Business Disruption & System Failures,Low,4469,No,No,No
OPR-0223,Staff member sustained injury during.,staff member sustained injury during.,Employment Practices & Workplace Safety,Employment Practices & Workplace Safety,Low,4562,No,No,No
OPR-0417,Business email compromise led to fraudulent payment of £25000 to external account.,business email compromise led to fraudulent payment of £25000 to external account.,External Fraud,External Fraud,Medium,43018,No,No,No
OPR-0253,Customer data used for marketing without valid consent under GDPR for 297 clients.,customer data used for marketing without valid consent under gdpr for 297 clients.,"Clients, Products & Business Practices","Clients, Products & Business Practices",Medium,45593,No,No,No
OPR-0016,Breach of consumer duty obligations identified in mortgage products disclosure documents.,breach of consumer duty obligations identified in mortgage products disclosure documents.,"Clients, Products & Business Practices","Clients, Products & Business Practices",Medium,19484,No,No,No
OPR-0258,Settlement faikure occurred due to mismatched trade instructions in online banking portal.,settlement faikure occurred due to mismatched trade instructions in online banking portal.,"Execution, Delivery & Process Management","Execution, Delivery & Process Management",Medium,7508,No,No,No
OPR-0151,Late reporting to regulator caused by.,late reporting to regulator caused by.,"Execution, Delivery & Process Management","Execution, Delivery & Process Management",High,393064,No,No,No
OPR-0218,Staff member in Corporate Banking approved.,staff member in corporate banking approved.,Internal Fraud,Internal Fraud,Medium,18531,No,No,No
OPR-0349,Manual data entry error in Customer Services led to incorrect processing of 332 transactions.,manual data entry error in customer services led to incorrect processing of 332 transactions.,"Execution, Delivery & Process Management","Execution, Delivery & Process Management",Medium,13821,No,No,No
OPR-0297,Third-party cloud provider outage disrupted access to core banking platform platform.,third-party cloud provider outage disrupted access to core banking platform platform.,Business Disruption & System Failures,Business Disruption & System Failures,High,479934,No,No,No
OPR-0323,Third-party cloud provider outage disrupted access to core banking platform platform.,third-party cloud provider outage disrupted access to core banking platform platform.,Employment Practices & Workplace Safety,Employment Practices & Workplace Safety,Medium,28242,No,No,Yes
OPR-0105,Unauthorised transfer of £1200 initiated by.,unauthorised transfer of £1200 initiated by.,Internal Fraud,Internal Fraud,High,79533,No,No,No
OPR-0179,Database corruption in payment gateway led to tempprary loss of transaction processing.,database corruption in payment gateway led to tempprary loss of transaction processing.,Business Disruption & System Failures,Business Disruption & System Failures,Medium,47795,No,No,No
OPR-0057,employee grievance filed alleging discriminatory practice within Corporate Banking team.,employee grievance filed alleging discriminatory practice within corporate banking team.,Employment Practices & Workplace Safety,Employment Practices & Workplace Safety,High,76023,No,No,No
OPR-0457,Staff member sustained injury during.,staff member sustained injury during.,Employment Practices & Workplace Safety,Employment Practices & Workplace Safety,Medium,21889,No,No,No
OPR-0438,"Vandalism reported at ATM located at IT Operations branch, machine offline for repair.","vandalism reported at atm located at it operations branch, machine offline for repair.",Damage to Physical Assets,Damage to Physical Assets,Medium,16049,No,No,No
OPR-0211,Trader in Wealth Manaagement exceeded authorised limits and concealed losses via mismarked positions.,trader in wealth manaagement exceeded authorised limits and concealed losses via mismarked positions.,Internal Fraud,Internal Fraud,Medium,29618,No,No,No
OPR-0448,Mis-selling complaint upheld regarding investment bonds sold to retail customers.,mis-selling complaint upheld regarding investment bonds sold to retail customers.,"Clients, Products & Business Practices","Clients, Products & Business Practices",High,356175,No,No,No
OPR-0197,Database corruption in core banking platform led to temporary loss of transaction processing.,database corruption in core banking platform led to temporary loss of transaction processing.,Business Disruption & System Failures,Business Disruption & System Failures,High,443887,No,No,No
OPR-0437,Data breach exposed personal information of 428 customers via internal reporting system vulnerability.,data breach exposed personal information of 428 customers via internal reporting system vulnerability.,Cybersecurity Incident,Cybersecurity Incident,Critical,2267664,No,No,No
OPR-0342,Flooding at Copmliance data centre caused disruption to on-site server infrastructure.,flooding at copmliance data centre caused disruption to on-site server infrastructure.,Damage to Physical Assets,Damage to Physical Assets,High,65108,No,No,No
OPR-0354,Health and safety inspection identified non-compliance in Payments officce premises.,health and safety inspection identified non-compliance in payments officce premises.,Employment Practices & Workplace Safety,Employment Practices & Workplace Safety,Medium,23201,No,No,No
OPR-0113,Staff member sustained injury during Treasury office relocation activitis.,staff member sustained injury during treasury office relocation activitis.,Employment Practices & Workplace Safety,Employment Practices & Workplace Safety,Medium,16029,No,No,No
OPR-0192,Flooding at Risk Management data centre.,flooding at risk management data centre.,Damage to Physical Assets,Damage to Physical Assets,Low,2571,No,No,No
OPR-0379,Settlement failure occurred due to mismatched trade instructions in mobile banknig app.,settlement failure occurred due to mismatched trade instructions in mobile banknig app.,"Execution, Delivery & Process Management","Execution, Delivery & Process Management",High,260608,No,No,No
OPR-0169,Settlement failure ocurred due to mismatched trade instructions in CRM system.,settlement failure ocurred due to mismatched trade instructions in crm system.,"Execution, Delivery & Process Management","Execution, Delivery & Process Management",High,276969,No,No,No
OPR-0492,Formal complaint raised regarding workplace harassment in IT Operations division.,formal complaint raised regarding workplace harassment in it operations division.,Employment Practices & Workplace Safety,Employment Practices & Workplace Safety,Critical,1446609,No,No,No
OPR-0335,Regulatory review identified inadequate suitability assessment for personal loans sales.,regulatory review identified inadequate suitability assessment for personal loans sales.,"Clients, Products & Business Practices","Clients, Products & Business Practices",Medium,11603,No,No,No
OPR-0428,Unauthorised access detected on loan origination system following credential stuffing attack.,unauthorised access detected on loan origination system following credential stuffing attack.,Cybersecurity Incident,Cybersecurity Incident,Low,4322,No,No,No
OPR-0402,Phishing attack resulted in unauthorised access to 178 customer accounts.,phishing attack resulted in unauthorised access to 178 customer accounts.,External Fraud,External Fraud,High,391070,No,No,No
OPR-0284,HEALTH AND SAFETY INSPECTION IDENTIFIED NON-COMPLIANCE IN TREASURY OFFICE PREMISES.,health and safety inspection identified non-compliance in treasury office premises.,Employment Practices & Workplace Safety,Employment Practices & Workplace Safety,Low,1190,No,No,No
OPR-0064,Data breach exposed personal information of 444 customers via online banking portal vulnerability.,data breach exposed personal information of 444 customers via online banking portal vulnerability.,Cybersecurity Incident,Cybersecurity Incident,High,118411,No,No,No
OPR-0047,Data breach exposed personal information of.,data breach exposed personal information of.,Cybersecurity Incident,Cybersecurity Incident,Medium,30873,No,No,No
OPR-0407,EMPLOYEE FALSIFIED EXPENSE CLAIMS TOTALLING £90000 OVER A TWO-WEEK PERIOD.,employee falsified expense claims totalling £90000 over a two-week period.,Internal Fraud,Internal Fraud,Medium,17202,No,No,No
OPR-0266,Breach of consumer duty obligations identified in mortgage products disclosure documents.,breach of consumer duty obligations identified in mortgage products disclosure documents.,"Clients, Products & Business Practices","Clients, Products & Business Practices",High,276757,No,No,No
OPR-0124,Incorrect interest rate applied to 41 customer accounts due to configuration error.,incorrect interest rate applied to 41 customer accounts due to configuration error.,"Execution, Delivery & Process Management","Execution, Delivery & Process Management",High,121361,No,No,No
OPR-0475,Regulatory review identified inadequate suitability assessment for investment bonds sales.,regulatory review identified inadequate suitability assessment for investment bonds sales.,"Clients, Products & Business Practices","Clients, Products & Business Practices",High,381458,No,No,No
OPR-0152,Phishing attack resulted in unauthorised.,phishing attack resulted in unauthorised.,External Fraud,External Fraud,High,246877,No,No,No
OPR-0308,Software deployment error caused payment gateway downtime lasting 6 hours.,software deployment error caused payment gateway downtime lasting 6 hours.,Employment Practices & Workplace Safety,Business Disruption & System Failures,Critical,2881759,No,Yes,No
OPR-0206,Database corruption in CRM system led to temporary loss of transaction processing.,database corruption in crm system led to temporary loss of transaction processing.,Business Disruption & System Failures,Business Disruption & System Failures,Medium,7879,No,No,No
OPR-0315,Duplicate payment processed due to failure in online banking portal validation controls.,duplicate payment processed due to failure in online banking portal validation controls.,"Execution, Delivery & Process Management","Execution, Delivery & Process Management",Critical,844981,No,No,No
OPR-0070,Incorrect interest rate applied to 372 customer accounts due to configuration error.,incorrect interest rate applied to 372 customer accounts due to configuration error.,"Execution, Delivery & Process Management","Execution, Delivery & Process Management",High,176396,No,No,No
OPR-0473,Employee grievance filed alleging discriminatory practice within IT Operations team.,employee grievance filed alleging discriminatory practice within it operations team.,External Fraud,External Fraud,High,351021,No,No,Yes
OPR-0287,Regulatory review identified inadequate suitability assessment for investment bnods sales.,regulatory review identified inadequate suitability assessment for investment bnods sales.,"Clients, Products & Business Practices","Clients, Products & Business Practices",High,496324,No,No,No
OPR-0073,Fire suppression system triggered at.,fire suppression system triggered at.,Business Disruption & System Failures,Business Disruption & System Failures,Low,1145,No,No,Yes
OPR-0328,Late reporting to regulator caused by breakdown in Treasury reconciliation process.,late reporting to regulator caused by breakdown in treasury reconciliation process.,"Execution, Delivery & Process Management","Execution, Delivery & Process Management",High,224060,No,No,No
OPR-0212,Software deployment error caused CRM system downtime lasting 30 minutes.,software deployment error caused crm system downtime lasting 30 minutes.,Business Disruption & System Failures,Business Disruption & System Failures,Low,4613,No,No,No
OPR-0265,Network connectivity failure at Corporate Banking data centre affected 151 branches.,network connectivity failure at corporate banking data centre affected 151 branches.,Business Disruption & System Failures,Business Disruption & System Failures,Medium,37686,No,No,No
OPR-0425,Phishing attack resulted in unauthorised access to 385 customer accounts.,phishing attack resulted in unauthorised access to 385 customer accounts.,External Fraud,External Fraud,Low,4875,No,No,No
OPR-0385,Fire suppression system triggered at Human Resources branch causing equipment damage.,fire suppression system triggered at human resources branch causing equipment damage.,Damage to Physical Assets,Damage to Physical Assets,Low,4880,No,No,No
OPR-0119,Breach of consumer duty obligations identified in personal loans disclosure documents.,breach of consumer duty obligations identified in personal loans disclosure documents.,"Clients, Products & Business Practices","Clients, Products & Business Practices",High,204233,No,No,No
OPR-0001,business email compromise led to fraudulent payment of £4000 to external account.,business email compromise led to fraudulent payment of £4000 to external account.,External Fraud,External Fraud,High,274290,No,No,No
OPR-0340,Duplicate payyment processed due to failure in trading platform validation controls.,duplicate payyment processed due to failure in trading platform validation controls.,"Execution, Delivery & Process Management","Execution, Delivery & Process Management",Critical,1241941,No,No,No
OPR-0207,Unauthorised access detected on coer banking platform following credential stuffing attack.,unauthorised access detected on coer banking platform following credential stuffing attack.,Cybersecurity Incident,Cybersecurity Incident,Low,1528,No,No,No
OPR-0432,Incorrect interest rate appled to 300 customer accounts due to configuration error.,incorrect interest rate appled to 300 customer accounts due to configuration error.,Employment Practices & Workplace Safety,"Execution, Delivery & Process Management",Medium,46158,No,Yes,No
OPR-0468,Network connectivity failure at Retail Banking data centre affected 186 branches.,network connectivity failure at retail banking data centre affected 186 branches.,Business Disruption & System Failures,Business Disruption & System Failures,High,384724,No,No,No
OPR-0487,Card-not-present fraud detected across 130 transactions totalling £25000.,card-not-present fraud detected across 130 transactions totalling £25000.,Internal Fraud,External Fraud,High,260260,No,Yes,No
OPR-0423,"INCIDENT AT RISK MANAGEMENT SITE CAUSED CRM SYSTEM TO BECOME UNAVAILABLE, ENGINEERS DISPATCHED.","incident at risk management site caused crm system to become unavailable, engineers dispatched.",Damage to Physical Assets,Damage to Physical Assets,High,353545,Yes,No,No
OPR-0029,"inncident at Customer Services site caused loan origination system to become unavailable, engineers dispatched.","inncident at customer services site caused loan origination system to become unavailable, engineers dispatched.",Damage to Physical Assets,Damage to Physical Assets,Critical,3986976,Yes,No,No
OPR-0229,Power outge caused by storm damage disrupted operations at Corporate Banking office.,power outge caused by storm damage disrupted operations at corporate banking office.,Damage to Physical Assets,Damage to Physical Assets,High,149024,No,No,No
OPR-0156,phishing attack resulted in unauthorised access to 398 customer accounts.,phishing attack resulted in unauthorised access to 398 customer accounts.,External Fraud,External Fraud,Low,4443,No,No,No
OPR-0405,Fire suppresssion system triggered at Payments branch causing equipment damage.,fire suppresssion system triggered at payments branch causing equipment damage.,Damage to Physical Assets,Damage to Physical Assets,Medium,21772,No,No,No
OPR-0018,"Employee falsified expense claims totalling £245,000 over a two-week period.","employee falsified expense claims totalling £245,000 over a two-week period.",Internal Fraud,Internal Fraud,Medium,18049,No,No,No
OPR-0412,DUPLICATE PAYMENT PROCESSED DUE TO FAILURE IN ONLINE BANKING PORTAL VALIDATION CONTROLS.,duplicate payment processed due to failure in online banking portal validation controls.,"Execution, Delivery & Process Management","Execution, Delivery & Process Management",Low,4188,No,No,No
OPR-0237,Manual data entry error in Retail Banking led to incorrect processing of 350 transactions.,manual data entry error in retail banking led to incorrect processing of 350 transactions.,"Execution, Delivery & Process Management","Execution, Delivery & Process Management",High,83748,No,No,No
OPR-0112,"CARD-NOT-PRESENT FRAUD DETECTED ACROSS 148 TRANSACTIONS TOTALLING £824,000.","card-not-present fraud detected across 148 transactions totalling £824,000.",External Fraud,External Fraud,Low,4883,No,No,No
OPR-0129,Core banking system outage disrupted payment gateway services for 1 business day.,core banking system outage disrupted payment gateway services for 1 business day.,"Execution, Delivery & Process Management",Business Disruption & System Failures,Critical,3419953,No,Yes,No
OPR-0195,Database corruption in online banking portal led to temporary loss of transaction processing.,database corruption in online banking portal led to temporary loss of transaction processing.,Business Disruption & System Failures,Business Disruption & System Failures,Medium,34207,No,No,No
OPR-0316,Software deployment error caused payment gateway downtime lasting 45 minutes.,software deployment error caused payment gateway downtime lasting 45 minutes.,Business Disruption & System Failures,Business Disruption & System Failures,High,54164,No,No,No
OPR-0035,Third party used stolen identity documents to open 315 fraudulent accounts.,third party used stolen identity documents to open 315 fraudulent accounts.,External Fraud,External Fraud,Critical,3690629,No,No,No
